sender,receiver,amount
981,755,9
634,574,4
388,879,0
366,556,5
584,252,2
342,771,1
880,932,5
28,611,9
838,57,1
618,892,7
782,728,4
566,194,2
139,984,9
710,491,6
634,862,6
140,823,6
160,227,4
881,981,5
651,212,6
119,529,1
469,656,8
965,451,3
750,894,5
828,169,1
236,340,7
123,895,4
150,350,0
459,574,0
392,968,9
906,391,3
949,797,0
448,744,4
171,178,0
995,157,3
640,194,5
259,607,2
368,552,9
597,749,1
433,904,3
995,944,8
872,434,0
12,87,9
236,139,6
80,869,9
630,715,7
971,182,3
186,177,4
114,61,3
907,140,9
352,342,4
503,93,2
880,474,9
63,136,1
145,985,2
482,571,3
714,376,8
558,253,1
709,729,4
987,923,9
513,602,8
483,342,7
462,689,1
987,206,6
121,473,9
714,457,0
15,5,6
194,559,7
516,169,5
657,71,0
930,31,0
108,480,6
552,316,2
951,286,0
429,258,9
295,370,1
568,435,7
841,709,2
620,874,5
693,101,4
621,953,4
492,288,1
731,518,5
350,965,2
437,606,0
929,817,4
312,760,2
870,495,6
447,984,3
448,940,0
421,299,0
63,239,2
146,161,0
930,861,1
826,727,6
470,569,4
758,15,1
864,303,0
782,474,4
20,980,1
986,12,8
434,558,7
449,301,3
867,414,3
599,229,4
626,235,8
103,156,5
647,19,0
19,813,4
336,190,1
819,112,5
61,124,1
549,625,3
151,649,9
327,604,2
346,5,4
643,165,0
274,77,0
360,983,4
116,558,7
423,835,4
386,875,1
619,576,4
935,318,0
523,305,2
231,903,8
549,126,0
595,530,5
42,260,7
647,371,7
684,146,8
896,187,3
649,200,1
944,289,7
956,959,1
288,836,6
566,488,6
981,371,1
744,865,4
24,798,4
432,439,1
722,734,6
591,485,8
694,37,9
508,774,7
681,68,5
959,787,4
931,642,2
439,883,4
954,176,9
497,220,4
234,611,7
184,519,2
61,867,4
673,308,7
251,197,0
576,983,6
100,444,7
779,409,5
659,600,8
217,184,8
236,582,4
36,264,3
468,725,7
196,835,2
987,574,8
701,938,8
33,815,9
508,712,8
13,669,0
255,153,6
625,792,8
460,31,2
35,23,9
731,238,7
896,320,1
133,11,3
840,120,1
824,675,3
34,367,0
39,381,2
509,723,9
258,555,4
602,152,3
152,996,5
374,846,5
822,287,9
965,626,7
605,457,6
838,221,1
457,213,7
774,555,6
606,441,0
853,369,3
471,653,7
291,140,5
533,835,0
642,321,6
991,440,5
967,145,1
353,191,6
12,125,4
502,199,8
905,969,1
119,359,0
526,474,2
780,417,5
337,188,5
181,985,4
331,482,6
858,154,3
368,834,4
892,290,4
117,95,2
88,526,6
844,439,6
980,677,9
939,35,8
883,733,1
901,623,3
307,609,1
81,412,7
726,122,0
54,841,0
13,580,0
211,930,3
548,438,4
210,684,5
960,525,6
823,276,2
651,354,7
187,883,0
198,274,6
679,267,2
581,675,9
854,562,4
698,475,4
597,513,7
32,800,6
166,918,8
370,14,3
598,584,2
944,789,1
935,574,0
281,62,7
498,591,5
423,459,0
981,664,8
618,845,9
534,639,4
38,220,1
211,784,6
803,700,0
248,895,2
592,39,8
416,645,2
955,395,7
937,851,2
25,572,9
935,24,9
358,417,1
232,824,8
427,341,3
837,772,5
358,796,4
859,977,4
79,138,4
728,704,1
956,720,0
580,672,2
320,661,9
381,706,9
253,481,1
642,72,9
139,873,8
915,792,4
442,874,0
709,953,2
459,538,2
191,863,9
566,601,9
216,410,9
139,848,6
731,380,9
81,339,0
500,826,7
706,368,2
668,727,2
493,610,9
712,872,2
595,675,3
181,708,3
755,871,7
737,279,6
965,423,4
660,343,0
437,126,0
204,383,4
46,24,7
108,358,5
280,726,4
623,408,1
915,672,3
543,618,0
174,515,9
885,640,7
153,982,6
847,411,0
277,863,4
589,0,8
456,118,2
486,524,4
666,903,0
380,226,5
964,604,0
487,682,4
537,880,1
305,581,9
516,645,5
354,160,0
613,494,5
520,150,4
326,977,7
601,367,9
286,464,3
175,567,2
676,613,5
207,891,3
803,620,1
83,909,6
573,297,4
283,206,8
436,37,7
685,229,0
335,668,0
553,673,5
535,870,2
196,704,3
333,892,7
925,701,5
435,385,8
658,250,0
227,204,6
964,610,3
290,37,6
100,635,6
110,369,5
959,548,0
394,73,9
373,239,8
951,364,4
46,841,3
765,326,2
875,458,2
905,704,7
750,372,8
55,122,1
820,332,7
154,463,8
523,946,0
769,902,5
316,795,1
565,743,9
663,739,8
438,599,2
7,73,0
24,284,5
706,847,4
697,595,3
282,745,4
0,595,1
811,483,3
201,936,6
939,74,5
547,713,9
712,24,5
832,924,1
84,904,9
18,776,9
623,429,9
676,41,9
552,440,7
631,552,0
228,370,2
470,656,4
279,488,2
356,536,5
25,642,9
724,523,1
985,889,5
866,529,0
210,858,1
832,670,3
468,458,1
301,722,9
757,905,5
945,598,8
609,373,7
644,72,0
85,254,6
951,407,0
744,732,5
245,855,3
582,494,0
200,86,7
726,979,6
620,483,0
902,420,8
931,564,7
666,631,1
257,434,6
124,628,6
244,400,5
487,544,9
724,776,4
178,849,4
404,276,3
213,359,4
715,209,5
531,700,4
706,368,1
163,58,7
682,837,2
296,507,3
779,881,4
332,935,9
907,466,8
26,299,5
239,579,4
307,491,9
661,813,2
516,979,9
873,913,8
903,786,8
702,421,8
274,308,2
991,370,0
900,503,1
952,877,4
675,628,8
692,496,9
584,840,5
762,98,8
671,252,6
57,598,8
308,66,8
458,566,8
561,66,5
634,693,9
234,901,4
683,898,9
446,976,6
989,505,4
468,937,6
88,252,3
860,537,3
459,333,3
178,139,6
455,823,1
948,743,7
248,658,8
591,538,5
576,76,9
873,117,0
912,722,2
609,406,9
486,927,9
12,731,8
499,806,5
655,980,2
521,798,8
295,663,8
736,72,4
245,30,0
164,245,6
995,918,7
959,30,1
278,542,1
969,878,4
737,378,1
569,158,2
909,53,0
902,587,2
476,640,2
993,215,1
546,907,4
870,134,0
100,432,2
529,389,6
730,857,6
371,851,2
977,634,5
921,186,7
83,836,6
175,726,4
301,397,7
20,164,9
785,969,3
13,548,6
232,585,6
905,596,4
976,392,0
989,67,9
38,666,6
192,148,4
331,291,0
918,808,8
28,741,3
79,471,2
86,504,8
114,354,7
826,439,0
84,457,0
661,624,0
570,926,4
889,821,5
487,109,4
217,484,8
757,723,2
664,577,4
705,136,6
776,89,7
498,556,0
62,354,8
422,463,9
143,451,4
90,12,3
835,727,1
62,621,6
63,895,2
637,597,4
663,92,5
104,915,1
954,683,3
447,365,1
909,966,3
437,274,6
523,526,8
71,419,8
732,509,0
32,329,3
887,26,3
687,955,4
248,593,6
915,113,4
876,158,2
132,420,2
15,279,0
124,616,1
895,637,2
217,303,5
197,173,2
468,3,5
897,488,0
479,974,3
749,363,9
492,988,6
158,234,7
991,854,0
417,746,5
627,651,5
28,195,4
898,295,2
991,197,6
162,759,1
399,447,2
510,881,5
131,35,3
248,588,8
786,928,5
355,232,9
425,335,0
290,287,7
372,552,7
317,341,0
569,433,7
308,772,8
98,25,0
565,739,7
60,863,0
11,268,3
930,208,5
411,270,7
236,955,4
205,506,2
828,998,8
861,648,0
866,219,8
14,488,7
301,796,6
230,764,0
64,994,6
867,653,6
439,14,0
820,239,7
230,184,2
845,493,0
144,850,7
979,98,1
39,494,8
241,390,0
54,686,2
319,695,4
499,8,5
56,546,2
493,633,0
452,565,6
217,542,1
367,537,4
722,780,4
48,451,7
976,783,2
664,658,7
799,191,8
253,260,3
571,639,1
233,751,4
700,851,7
292,812,3
392,378,2
505,602,0
453,323,1
780,332,5
578,881,7
892,51,0
352,262,9
57,789,8
808,517,9
168,768,9
52,917,8
193,244,5
504,800,7
503,441,7
655,8,2
992,840,4
497,414,8
528,772,9
641,119,5
751,645,9
373,600,1
842,18,7
552,97,0
113,38,7
346,608,3
38,227,8
237,392,8
863,903,8
565,67,9
256,649,4
952,251,2
866,665,1
112,484,0
10,330,3
524,542,4
749,127,8
638,361,0
593,989,5
218,909,4
269,431,6
526,268,0
153,765,2
633,220,0
605,413,5
972,183,4
87,840,5
104,272,0
988,891,0
878,429,9
48,419,3
0,845,2
596,893,5
311,430,9
422,241,0
358,407,5
734,751,1
477,87,6
927,244,2
982,318,3
692,567,2
889,711,3
915,187,3
9,745,7
664,951,2
213,401,9
483,221,3
748,708,9
838,45,8
11,76,9
414,845,4
265,333,1
168,542,4
306,125,9
286,857,3
381,358,0
191,440,8
15,90,8
764,241,9
284,883,9
770,875,3
582,837,0
422,379,6
211,795,0
83,607,5
523,122,1
735,823,6
877,15,2
569,325,9
902,682,1
821,378,2
139,846,9
61,450,3
767,810,7
583,198,2
621,452,3
204,453,9
202,390,7
395,279,1
103,370,9
644,521,4
329,707,0
53,178,3
800,515,7
989,748,5
281,711,1
178,19,6
535,963,9
99,884,6
453,994,6
248,985,5
411,131,2
835,794,7
401,476,3
517,846,4
284,93,6
12,587,4
739,118,8
612,392,8
232,706,3
160,428,3
410,81,8
937,290,1
496,140,2
5,41,3
496,208,4
851,225,7
182,971,8
456,26,5
953,407,3
39,89,9
998,610,0
181,538,2
347,44,2
293,807,7
964,457,6
281,869,7
709,199,8
568,677,6
348,978,9
502,442,0
91,758,1
486,32,7
478,930,4
943,403,6
263,2,2
243,403,8
862,654,1
922,769,3
389,379,5
700,973,0
63,930,6
803,248,5
218,365,4
535,165,8
31,754,3
226,502,4
108,325,8
777,812,7
654,486,4
298,679,6
494,658,3
306,702,5
584,370,2
630,562,4
357,845,9
761,413,3
437,423,7
77,154,9
265,836,2
754,818,7
787,769,8
24,49,8
341,360,5
630,484,6
733,681,5
186,725,0
164,177,8
752,197,8
746,532,1
341,671,8
103,157,9
963,468,9
340,213,7
332,605,4
971,22,4
791,667,2
905,1,7
333,0,3
970,385,2
357,764,7
419,393,7
25,312,5
11,692,1
775,509,0
154,872,0
779,221,1
101,436,0
848,7,2
35,158,0
480,445,0
845,35,0
933,724,9
696,465,6
152,848,6
541,675,9
612,84,3
22,548,9
395,344,7
910,787,5
398,369,0
285,125,3
347,75,7
282,277,9
446,180,5
775,785,6
187,904,0
108,332,7
607,326,9
739,818,3
3,833,9
268,827,4
536,335,5
693,661,1
99,120,0
110,563,3
376,697,8
994,120,0
326,930,8
946,840,4
626,336,4
515,723,1
743,175,3
251,640,5
575,28,0
55,13,6
650,149,9
198,865,3
275,7,6
47,206,4
306,457,8
936,456,3
523,583,4
503,790,5
894,128,0
168,751,2
675,71,5
287,27,4
681,132,2
98,554,3
316,29,6
526,236,7
411,153,8
610,10,9
877,848,7
441,530,7
34,540,8
139,765,5
17,460,0
104,351,8
484,424,3
411,952,1
613,772,4
879,786,7
780,204,2
6,929,2
221,818,9
779,576,1
881,30,6
529,825,6
225,637,5
95,639,2
443,728,4
824,528,5
293,155,6
576,63,9
119,529,4
210,627,6
324,554,8
432,369,4
100,720,2
606,231,7
865,529,1
432,178,9
802,436,6
373,90,8
847,411,6
838,522,0
885,604,5
718,647,6
360,137,6
714,931,1
379,28,3
197,908,2
625,102,8
596,921,2
197,82,2
933,30,2
315,217,4
904,944,9
161,368,0
482,124,4
805,952,7
329,41,3
761,551,2
217,726,5
7,851,6
956,512,8
751,366,0
813,724,1
515,630,3
773,62,1
460,944,1
264,435,6
708,110,3
39,758,7
708,661,1
354,322,9
919,95,7
926,335,8
946,584,4
338,802,5
159,774,4
4,912,0
640,601,6
760,853,0
50,236,0
175,191,2
301,626,2
966,993,9
135,367,6
54,427,5
26,856,1
594,401,7
927,629,9
382,24,7
158,146,9
359,670,9
365,222,0
145,701,2
325,249,1
564,875,2
841,713,5
607,877,8
508,672,2
744,653,5
558,439,6
649,252,2
200,953,6
288,363,0
836,91,3
16,805,5
836,195,4
579,209,2
986,802,5
268,116,1
543,810,5
193,761,9
141,579,9
460,658,7
346,574,5
640,863,8
514,248,4
900,950,3
807,61,6
703,838,9
458,338,1
469,866,8
472,698,1
421,995,9
173,631,0
368,532,1
189,97,1
891,966,7
473,275,9
724,416,4
998,294,7
328,837,0
877,94,1
795,670,9
617,456,7
736,350,1
780,313,8
433,33,8
506,396,0
137,13,9
44,569,4
796,183,5
504,492,5
79,712,0
321,760,8
207,933,8
448,894,4
457,766,9
938,538,8
341,797,5
535,349,7
229,434,4
763,329,7
382,435,8
81,430,6
732,470,4
24,411,2
688,513,0
961,215,0
229,410,9
341,598,8
360,537,0
244,469,6
126,344,9
663,887,4
478,561,0
724,306,5
229,654,4
5,490,5
211,339,9
471,422,8
995,857,7
443,948,0
376,287,0
44,475,9
900,299,4
311,189,6
772,681,0
764,521,4
993,900,0
905,909,7
483,174,9
180,332,3
469,459,1
633,531,8
568,998,7
318,723,1
277,579,9
207,121,0
948,754,4
427,737,0
646,572,0
832,187,3
690,649,0
750,281,5
139,273,2
509,414,6
783,776,4
798,227,1
849,175,3
567,820,1
640,957,0
936,578,3
927,313,4
175,103,2
843,391,8
679,233,0
730,239,3
487,497,3
853,90,4
507,167,0
762,419,4
689,58,3
661,642,0
894,278,9
123,404,0
707,332,4
660,851,7
631,994,7
781,277,4
906,273,1
738,64,7
492,32,8
319,232,9
781,624,6
34,995,3
208,408,4
867,184,6
76,737,7
810,225,8
589,216,6
127,205,6
505,46,7
177,943,4
809,643,4
974,56,5
450,730,5
5,664,5
103,816,9
558,814,6
554,474,9
467,326,7
260,616,3
603,464,7
644,679,1
562,34,5
923,849,8
125,939,9
899,414,0
294,99,2
119,787,0
550,595,9
842,223,8
592,445,7
638,2,2
347,144,5
258,979,9
46,328,9
424,678,1
61,799,0
265,292,7
47,1,4
282,732,6
541,222,3
359,592,7
218,234,1
802,111,1
618,744,3
466,90,8
10,302,0
273,313,0
212,230,8
723,342,0
36,986,6
279,869,1
258,850,9
984,578,8
933,487,2
520,593,8
291,302,3
713,411,9
67,137,2
587,81,5
863,550,1
129,176,2
205,919,5
259,905,8
481,537,1
440,370,0
885,729,2
891,349,9
554,264,0
120,784,2
874,417,2
234,719,0
46,919,9
441,508,6
614,190,0
996,33,5
982,143,4
462,436,4
558,516,7
78,280,1
398,357,0
572,685,8
642,621,9
630,356,7
414,247,3
571,2,2
816,153,7
621,170,6
483,616,5
232,820,5
383,745,0
202,898,7
248,302,8
364,994,3
587,333,4
486,478,0
256,108,0
48,884,2
908,709,7
564,421,5
309,665,1
939,493,0
282,174,4
117,628,6
982,249,9
223,745,0
838,577,3
394,570,3
51,937,3
689,599,7
984,730,1
6,83,1
835,780,2
635,793,0
569,329,6
854,361,2
130,532,2
934,439,2
529,392,5
27,315,0
56,699,9
312,866,8
360,499,1
598,585,3
719,356,4
949,176,7
781,551,4
216,154,2
953,171,3
849,740,5
481,876,1
597,964,7
736,543,5
710,17,0
90,904,9
574,373,7
252,103,3
831,404,8
695,821,4
317,218,6
773,94,5
141,652,6
975,103,1
308,51,9
95,842,7
378,396,2
665,461,1
352,277,8
892,96,1
937,222,6
585,62,3
54,471,1
172,633,3
957,100,9
679,819,2
191,878,4
483,228,9
850,857,8
226,647,9
987,24,0
328,236,3
620,210,1
98,731,8
171,758,8
587,94,7
649,749,2
275,177,6
410,469,9
155,965,7
205,589,3
185,686,2
971,172,6
564,517,9
618,705,6
365,511,8
288,645,2
928,107,7
134,232,5
742,458,6
758,692,4
898,456,9
788,413,1
202,172,5
591,553,0
492,609,3
206,123,2
604,939,4
463,767,9
551,4,1
400,563,3
997,827,1
999,678,3
764,698,4
286,590,1
580,534,2
892,841,8
88,248,8
13,732,4
839,291,5
86,407,6
106,420,3
323,372,6
978,903,6
829,137,2
90,105,4
356,312,4
112,520,4
178,494,6
936,182,4
354,77,6
715,673,7
295,965,0
893,371,2
408,662,1
628,475,2
867,44,4
353,703,8
992,354,3
190,80,5
931,125,5
791,193,5
429,911,9
706,303,4
126,153,8
725,128,7
381,936,4
668,870,7
47,824,9
861,884,8
51,99,8
52,405,3
17,654,0
636,881,3
532,534,7
947,433,0
583,544,9
199,707,6
282,859,8
286,849,3
799,961,8
863,602,8
902,217,0
991,511,3
493,203,8
353,517,9
526,129,8
372,313,6
353,101,8
731,634,0
323,313,5
603,556,5
198,7,6
358,239,8
781,392,8
522,85,0
101,618,0
371,361,1
64,151,2
943,957,6
158,852,6
142,126,1
546,187,6
83,715,4
504,165,9
79,678,8
802,13,3
737,257,5
339,619,6
952,458,9
615,914,2
844,925,1
596,985,4
140,319,6
517,254,8
214,343,8
884,51,0
837,888,4
353,986,0
268,571,2
27,270,7
305,892,1
213,433,1
167,245,1
583,738,9
740,628,2
533,638,9
208,900,8
715,549,2
873,749,3
932,376,6
504,969,6
964,515,7
915,249,2
428,901,0
573,923,6
714,464,2
229,566,3
755,575,3
978,956,0
945,539,6
565,273,4
111,874,2
120,971,6
927,559,8
116,943,4
622,807,3
699,112,5
298,417,8
346,732,4
905,92,1
136,942,7
266,574,3
824,68,2
865,667,1
930,910,1
312,125,3
756,175,0
363,959,4
318,895,0
749,177,9
864,840,9
462,953,1
104,189,2
796,559,7
520,176,1
304,623,3
211,782,7
582,598,7
336,295,0
84,877,6
656,237,9
189,367,5
756,957,1
692,439,1
492,620,0
512,412,6
197,678,2
717,302,9
353,742,1
72,168,6
134,865,4
348,785,8
897,685,8
758,158,9
469,314,9
621,691,2
102,653,2
143,750,1
414,39,2
427,987,1
445,335,5
12,137,8
141,946,7
244,485,3
996,440,2
338,556,0
587,703,7
873,980,9
894,333,8
411,810,5
487,537,5
314,806,5
120,281,1
48,427,4
540,364,8
541,482,4
544,560,6
156,981,4
329,885,8
64,464,3
556,824,1
155,379,1
289,47,5
908,329,7
177,99,7
684,775,6
972,370,8
243,605,7
992,121,9
184,956,8
27,534,1
564,374,1
739,600,9
838,588,7
247,709,4
487,433,9
29,574,7
894,62,9
291,124,0
680,362,7
495,657,0
327,624,8
864,757,9
791,361,0
922,392,4
628,205,5
487,241,8
562,504,2
312,949,6
573,444,1
135,911,4
897,265,1
14,907,7
515,170,6
769,632,2
982,300,2
428,275,1
107,943,0
272,555,6
269,135,9
736,524,0
385,648,3
712,53,5
11,430,6
669,696,5
336,216,1
784,965,4
153,932,1
751,119,3
393,178,7
320,227,2
291,880,0
955,129,0
696,852,3
22,762,6
481,690,5
719,556,4
182,55,2
536,973,3
79,984,8
331,714,7
615,657,5
115,790,3
10,44,2
903,917,5
174,129,0
694,890,6
579,383,5
303,354,8
697,953,8
203,503,4
309,903,6
89,502,9
919,162,0
12,446,2
745,795,0
192,987,4
401,70,6
185,489,6
957,908,3
699,515,4
137,238,2
800,479,6
147,326,5
860,17,4
842,994,6
849,819,0
647,988,0
877,350,7
366,237,3
661,999,2
153,515,9
6,79,0
514,863,7
580,291,7
3,979,9
849,60,9
805,566,6
268,824,0
404,346,7
54,709,5
460,621,2
52,196,1
688,673,8
28,206,6
101,49,8
321,616,7
348,42,1
348,4,4
49,855,5
851,863,7
732,869,5
577,280,4
500,651,4
974,533,0
216,980,5
427,773,7
511,182,3
473,384,1
124,235,3
298,622,8
5,381,7
115,632,3
28,283,8
469,897,1
211,304,1
934,660,0
815,423,1
397,739,3
420,16,2
297,729,1
358,858,0
330,487,6
113,740,6
787,450,3
265,329,3
784,675,1
869,682,0
776,882,7
264,826,6
259,677,4
147,535,0
489,597,7
675,144,2
167,621,8
184,207,5
676,623,9
93,416,9
571,72,0
429,441,5
126,491,8
654,121,1
68,331,2
487,364,9
604,396,9
577,847,8
846,547,4
560,705,8
549,497,4
489,687,6
139,470,3
208,103,8
594,347,7
182,725,3
713,966,9
884,670,7
792,816,2
737,621,8
539,152,1
788,696,4
184,416,3
486,381,1
918,258,4
384,964,2
927,596,4
615,712,0
648,173,4
836,276,4
725,798,7
988,775,9
486,670,8
78,326,7
752,778,2
97,35,3
707,68,6
304,788,5
101,133,3
400,234,9
317,566,2
439,30,2
603,118,7
301,362,5
108,966,7
713,742,8
380,285,4
383,715,9
666,135,9
619,273,6
468,119,6
549,48,2
154,663,3
331,613,7
289,867,8
67,278,3
800,773,3
939,11,4
10,435,8
338,132,9
193,299,0
220,743,2
531,191,4
680,418,4
229,392,9
111,981,7
339,577,6
61,340,0
385,94,6
407,426,2
139,113,3
70,959,9
136,452,5
181,550,9
438,719,2
5,18,8
435,629,9
888,329,8
66,744,2
910,345,0
540,265,7
583,515,9
147,437,3
311,161,9
260,671,1
305,916,6
114,929,9
677,491,9
733,105,7
725,574,9
941,950,2
121,643,3
318,765,6
939,88,6
291,295,9
933,849,3
202,425,6
964,700,3
61,225,8
193,803,4
184,86,7
462,606,9
450,831,8
531,937,8
223,636,1
26,168,0
739,951,2
819,412,7
826,582,6
620,843,5
386,299,0
183,898,2
28,1,9
54,314,1
814,342,2
409,535,4
880,819,2
931,83,8
693,325,3
181,583,5
56,738,0
767,99,2
650,105,3
701,453,8
926,126,6
942,975,5
698,596,3
601,226,6
399,743,5
68,520,7
583,925,5
656,623,2
844,670,9
870,636,2
414,588,4
96,811,8
498,971,7
318,433,7
755,442,4
736,150,6
263,72,1
392,360,5
258,231,6
366,439,7
621,529,0
932,38,8
393,883,4
275,41,7
406,910,2
554,744,8
972,508,2
6,325,7
6,280,9
948,89,1
30,315,1
27,989,3
171,166,8
355,178,7
511,389,0
314,349,5
218,827,7
159,884,1
748,205,7
541,961,9
479,685,0
977,31,3
906,504,3
943,864,4
793,658,6
628,742,6
539,34,8
875,519,5
805,89,1
358,777,5
822,106,9
532,519,8
595,948,0
717,781,9
861,862,2
304,951,9
96,851,5
77,95,3
487,614,2
256,488,0
59,269,6
439,919,7
121,212,0
338,251,8
282,849,3
559,999,3
99,325,0
882,724,1
215,820,8
585,965,8
118,105,8
690,176,5
916,128,0
748,72,0
694,87,1
588,867,1
871,117,8
199,540,2
894,421,5
874,567,7
760,780,9
134,391,4
320,550,2
931,13,6
557,253,3
633,240,5
115,614,2
815,767,3
254,938,5
115,315,3
472,832,0
935,301,5
52,306,6
625,361,1
579,989,6
628,198,5
346,26,6
428,288,0
200,37,3
798,615,2
795,422,2
112,354,0
556,633,5
981,862,0
59,479,4
952,52,0
598,447,8
730,637,2
540,339,7
322,96,2
159,785,0
721,424,7
904,507,8
755,490,6
583,737,4
922,705,0
555,525,7
451,499,3
618,768,9
840,576,0
418,522,5
111,615,0
686,327,8
256,136,7
164,891,6
712,79,4
919,450,8
377,730,4
150,404,8
942,401,1
261,682,4
903,213,5
219,539,9
288,815,2
927,210,8
932,248,8
392,869,7
20,376,5
795,761,1
525,408,3
630,431,8
84,486,2
951,139,1
344,93,0
656,949,2
965,688,4
377,730,0
385,650,1
684,321,0
699,849,2
96,187,6
895,985,7
441,218,7
925,851,8
584,814,3
756,997,9
634,902,1
270,916,0
666,509,4
600,928,7
529,823,6
233,685,4
233,924,9
297,91,4
394,843,8
159,105,5
625,963,6
443,848,5
762,17,0
937,462,2
79,872,8
135,256,7
418,20,2
388,737,6
151,718,2
245,521,2
531,580,4
66,114,5
133,757,8
246,656,8
947,276,2
288,977,4
256,734,5
313,79,1
861,639,5
442,568,0
874,416,1
892,364,1
639,939,1
704,420,7
308,508,7
389,575,4
601,488,5
274,689,6
438,412,3
913,753,3
296,493,8
165,966,6
812,701,6
541,685,8
983,552,7
391,649,3
954,617,8
717,288,1
660,853,2
333,288,5
568,204,7
762,72,6
502,83,8
377,94,3
56,329,4
288,797,0
507,825,9
685,492,7
244,311,6
187,740,6
809,409,1
136,364,1
165,82,4
772,915,4
322,343,4
473,177,2
503,973,3
809,868,0
258,682,3
552,181,2
260,923,5
207,66,1
758,831,7
219,654,1
222,384,0
153,98,7
508,684,4
165,288,1
446,851,8
657,785,5
899,964,0
828,755,2
3,585,0
822,945,6
419,498,2
675,172,0
430,864,9
320,728,3
24,941,8
621,722,5
496,391,0
310,884,3
253,479,6
420,142,3
784,300,5
497,534,7
418,681,9
34,958,7
57,379,4
653,27,2
48,319,3
251,41,9
70,615,5
886,502,0
666,242,2
646,647,0
420,122,5
120,332,6
713,626,3
547,915,4
647,612,2
680,661,0
662,493,0
111,495,4
753,916,9
78,801,0
290,886,9
794,393,8
163,731,1
742,45,1
201,52,3
497,710,2
891,695,2
590,271,2
525,21,9
105,684,0
235,451,3
986,962,1
231,944,2
856,890,5
653,265,6
883,266,7
83,385,1
382,955,1
536,352,8
737,270,4
393,227,5
264,841,1
105,595,1
491,683,9
124,972,7
319,737,4
21,868,4
477,759,3
242,466,6
411,386,8
927,886,5
15,812,3
131,852,8
214,412,1
871,428,3
521,947,8
308,955,3
997,750,8
833,995,8
764,151,4
766,814,1
505,589,8
621,839,5
299,603,8
840,100,5
508,819,3
771,72,3
967,870,7
58,574,1
487,407,9
487,328,6
512,355,8
567,855,4
150,365,9
341,905,4
813,156,8
799,748,5
337,430,7
292,814,7
699,434,4
445,688,0
622,418,3
38,182,8
922,559,5
321,68,3
318,59,1
921,2,2
981,954,3
796,134,9
748,937,8
726,804,3
370,688,0
465,950,0
106,938,1
637,896,3
751,293,0
896,153,3
924,676,3
890,561,3
708,530,3
902,44,2
346,903,1
1,488,9
521,748,3
567,568,8
985,953,4
278,457,8
18,221,3
673,149,1
559,536,5
670,385,8
552,200,5
588,439,2
772,326,7
319,700,3
931,652,4
720,211,4
437,956,1
275,63,8
529,897,3
899,324,0
725,982,6
288,20,9
590,715,8
78,321,3
761,72,5
21,856,3
513,748,7
797,499,7
440,51,6
138,326,5
398,72,3
598,289,3
522,649,9
760,96,9
817,274,4
69,305,2
528,891,1
854,460,0
479,778,2
325,724,5
271,77,1
679,621,5
662,695,9
102,623,5
543,488,7
88,689,0
418,743,6
940,221,0
2,92,3
604,895,5
546,429,2
825,79,5
614,760,0
352,71,4
307,836,6
30,65,0
171,279,3
488,340,9
868,670,0
596,798,0
710,782,4
626,915,9
992,43,5
540,680,5
91,527,3
324,610,0
725,203,5
330,501,8
209,755,1
329,679,2
606,334,7
428,815,5
413,226,8
300,602,6
777,358,8
615,625,0
570,973,0
295,13,9
849,486,4
273,670,1
949,948,5
154,703,9
459,17,6
28,153,2
582,974,7
177,230,8
380,968,9
418,225,2
868,168,8
876,167,3
875,429,4
338,98,7
442,38,0
330,801,1
915,649,4
750,735,9
865,311,3
998,806,1
242,944,7
179,177,8
307,637,0
195,429,4
693,345,5
830,635,0
443,781,1
872,26,9
1,530,8
920,212,0
504,5,4
450,966,7
379,469,3
57,721,0
81,60,7
129,685,4
481,93,1
865,481,8
459,568,9
97,353,7
287,300,5
233,269,0
195,604,3
139,193,1
426,285,5
678,774,1
252,116,2
272,626,2
966,707,4
390,503,7
313,958,0
697,980,4
22,692,8
831,880,9
716,17,5
58,819,3
29,269,7
404,689,6
956,949,9
214,659,5
366,288,9
296,392,1
780,66,2
826,261,2
114,421,8
836,738,5
552,375,0
958,680,6
211,120,7
338,376,2
650,128,9
268,480,1
202,224,8
859,577,8
688,638,8
493,68,3
43,814,3
123,592,3
443,738,7
515,905,7
338,772,1
101,450,7
432,36,8
676,273,5
449,691,2
379,635,5
960,191,5
797,902,0
616,353,7
943,116,1
561,584,4
71,279,1
172,155,5
734,288,2
79,646,6
97,367,8
574,476,9
737,879,6
880,350,4
864,125,3
279,334,8
856,637,8
889,165,2
511,495,0
193,792,7
302,956,1
851,374,2
404,330,2
753,696,7
595,129,6
249,528,1
688,711,1
3,773,9
467,156,8
348,598,0
757,43,7
486,184,4
964,933,3
467,764,6
567,640,9
122,293,2
620,257,6
252,283,7
261,603,3
422,512,5
390,27,6
940,658,7
632,426,2
989,381,5
190,104,2
149,926,1
331,282,8
463,8,3
415,160,1
847,200,8
399,641,8
354,727,4
699,925,1
974,782,0
913,86,7
922,678,7
335,435,1
988,474,4
8,178,6
266,16,7
130,846,0
483,385,9
178,82,2
836,691,9
969,611,3
419,412,1
176,739,8
902,694,8
344,315,0
81,298,0
230,299,3
190,183,2
82,584,6
523,928,5
244,555,1
617,472,9
967,364,0
162,330,7
342,11,7
61,823,2
839,458,6
366,274,4
986,638,8
902,135,9
14,402,1
799,443,4
385,764,0
223,461,3
246,821,4
145,356,0
485,966,6
267,275,1
321,699,5
429,755,6
370,94,8
726,830,4
761,147,8
121,442,1
836,516,4
185,762,0
741,969,5
805,40,1
825,201,4
628,729,2
494,285,8
806,697,8
431,996,2
955,645,4
183,834,6
705,644,6
407,291,8
463,528,0
670,224,0
277,384,2
123,631,0
126,737,6
227,27,5
937,199,3
81,827,7
167,995,5
38,755,3
131,942,4
332,466,5
892,351,3
547,477,6
995,95,0
490,337,2
860,422,2
945,129,5
976,451,6
159,711,9
602,422,7
466,605,9
865,795,6
807,454,3
371,833,9
847,821,5
318,295,8
759,928,7
807,176,8
870,299,3
775,26,1
514,682,2
93,863,6
846,59,1
680,893,3
361,533,6
192,260,7
607,826,2
634,204,4
441,32,1
713,590,9
69,617,2
7,365,4
338,994,1
368,131,2
991,563,8
63,465,0
379,34,1
976,324,2
928,836,1
480,611,5
747,783,6
807,239,6
296,552,9
497,985,1
959,7,6
161,343,4
592,16,7
172,264,6
198,241,2
548,627,4
290,666,3
221,611,6
787,763,0
931,210,7
923,814,8
905,380,3
564,855,7
636,504,8
901,793,5
977,127,2
525,674,6
260,529,3
509,756,2
974,790,7
851,82,7
16,452,0
844,212,7
301,656,8
864,499,3
256,77,6
959,830,2
947,87,2
77,7,7
776,370,5
193,581,1
334,422,5
620,668,9
660,493,8
287,351,0
602,842,9
351,847,2
305,636,4
996,603,0
241,705,5
384,554,5
388,957,5
70,948,3
962,303,7
33,563,1
290,351,3
758,419,2
192,796,6
274,16,3
391,748,8
290,866,3
637,711,4
470,764,7
910,211,1
612,806,1
520,98,7
287,120,6
223,700,6
652,507,5
69,113,0
455,260,1
701,219,1
482,874,6
606,155,9
947,284,4
222,462,5
324,98,8
172,729,4
404,194,5
131,798,4
18,430,5
133,622,1
948,910,8
52,770,7
228,147,3
225,523,5
4,759,7
54,828,3
490,570,7
56,783,8
429,931,4
875,333,0
829,253,6
370,864,4
933,450,1
761,138,1
519,393,3
660,487,3
226,20,8
319,314,7
739,231,7
591,364,8
660,276,8
232,680,5
317,906,6
41,89,1
767,635,3
620,492,0
543,87,0
374,94,9
546,318,6
971,852,5
458,43,3
4,101,3
408,816,3
157,168,0
847,758,3
830,942,9
49,500,8
180,134,2
224,291,4
964,326,6
485,637,0
37,375,2
467,629,1
173,358,9
868,285,3
573,569,5
821,752,1
383,203,7
26,745,9
396,179,7
501,853,4
277,669,6
945,274,1
804,837,6
739,945,9
465,606,6
475,406,5
921,938,3
300,830,6
976,885,1
24,169,5
400,707,1
789,182,6
479,515,4
524,763,9
625,733,5
668,559,5
933,540,3
382,164,5
268,552,1
780,177,6
977,622,2
804,377,0
858,563,6
646,441,3
45,978,3
199,845,9
738,476,9
632,385,1
166,104,9
719,253,2
919,326,0
354,811,0
326,299,9
561,969,0
94,681,8
374,618,2
708,36,8
226,81,7
253,717,1
187,152,9
239,816,0
645,715,3
537,422,1
642,576,8
392,577,9
475,317,6
211,145,1
214,976,4
751,782,0
456,14,3
177,738,3
80,50,9
781,113,2
163,272,6
883,762,4
295,519,9
229,984,3
550,742,2
54,713,0
671,781,6
882,794,6
163,321,1
548,259,6
663,325,1
787,582,4
381,484,0
888,623,3
303,162,1
938,904,7
601,797,1
150,130,1
902,204,3
229,943,3
31,244,2
48,110,3
190,413,7
268,565,4
355,697,0
888,239,9
73,396,2
706,422,7
83,797,5
300,271,3
160,895,9
960,624,6
552,520,2
961,748,1
311,820,8
799,758,9
428,175,8
775,605,8
802,369,6
543,944,5
203,709,2
439,255,0
48,899,9
54,57,1
941,270,5
406,601,6
768,18,1
676,665,9
502,18,2
703,622,2
178,262,0
730,453,3
982,35,8
248,343,6
0,541,9
719,572,9
533,133,0
550,244,8
876,919,9
776,70,2
745,416,8
918,448,6
873,313,1
373,766,0
676,729,8
456,687,8
868,599,5
752,667,1
860,433,0
383,680,8
605,643,5
654,447,1
306,728,5
716,184,5
21,189,8
424,431,0
790,509,2
333,728,3
886,944,3
675,47,9
565,322,5
721,750,3
780,588,2
67,449,5
22,245,6
119,772,9
578,497,8
320,53,1
544,278,0
405,489,4
177,929,1
382,243,4
830,24,6
121,506,0
696,251,5
936,122,9
91,363,2
143,301,5
893,87,4
136,321,6
568,259,6
31,335,3
624,527,0
509,990,3
920,563,1
211,99,2
638,830,1
500,369,9
367,227,3
848,875,6
983,575,8
246,304,0
641,163,1
722,642,9
450,263,1
467,861,4
45,71,0
766,142,9
319,753,8
866,942,7
711,625,6
183,282,4
957,771,9
711,67,5
683,805,1
243,187,9
673,781,2
911,132,9
43,508,6
810,525,1
359,48,2
347,762,9
848,350,8
575,756,1
955,797,7
556,322,3
522,466,3
560,871,6
398,541,9
147,702,6
341,103,3
590,697,1
526,417,7
791,77,0
476,709,4
623,738,7
556,543,1
294,510,2
398,834,9
322,49,3
836,745,0
70,581,5
178,759,3
639,571,2
966,251,0
171,290,3
926,858,3
712,377,7
870,713,8
111,982,3
663,142,1
889,361,7
970,454,3
348,716,6
344,470,7
171,744,1
843,754,1
789,782,1
886,621,7
932,612,9
932,323,3
346,702,3
242,817,5
650,339,9
54,582,5
394,106,4
713,772,5
951,628,5
373,350,6
140,658,5
998,449,5
690,1,9
83,142,1
370,519,0
458,559,8
900,994,3
982,917,0
649,74,9
530,358,5
170,343,7
586,637,6
981,632,6
578,821,0
104,166,4
144,304,5
511,886,8
362,305,7
461,122,0
680,380,4
672,188,2
656,689,4
879,264,3
138,423,1
573,256,8
485,875,9
938,20,0
27,354,5
611,152,1
875,214,9
597,682,7
858,497,3
901,925,8
189,866,2
445,415,7
777,286,0
37,656,7
429,526,7
32,531,9
169,418,2
658,649,0
258,305,8
712,191,9
667,412,9
453,426,6
774,705,3
254,482,9
767,581,3
604,728,9
591,255,7
665,553,8
584,849,2
58,425,5
879,673,9
932,282,3
77,812,2
903,233,5
750,384,6
62,565,8
384,889,9
9,695,5
835,14,6
50,921,9
68,392,9
119,973,5
637,652,5
504,470,1
459,36,5
860,968,7
61,663,4
582,898,6
232,744,7
952,185,4
867,808,8
698,875,7
493,63,2
347,869,3
845,868,9
205,654,2
923,304,7
264,183,0
521,935,1
119,324,2
657,730,8
256,33,0
342,12,9
232,215,9
251,738,4
251,358,9
669,892,0
206,698,5
71,192,0
659,628,0
752,973,3
457,611,0
958,541,2
932,794,3
445,465,7
310,105,4
466,585,0
411,932,8
380,633,1
460,692,2
449,306,5
508,502,4
189,568,5
213,202,8
185,229,2
395,671,7
45,171,9
478,756,4
922,100,4
290,718,0
194,527,7
836,699,3
791,984,7
652,132,1
476,612,7
82,880,4
82,461,9
717,629,0
162,304,0
20,448,7
322,909,2
353,312,0
602,789,9
335,752,3
534,853,7
394,787,3
95,42,1
2,392,3
364,952,3
75,518,9
86,608,2
272,622,7
368,527,3
383,678,7
26,809,3
638,454,4
654,972,1
544,937,5
676,190,7
132,747,5
438,200,4
390,136,5
889,926,7
135,98,6
436,660,2
989,244,8
773,79,0
235,282,9
185,856,4
848,457,8
343,373,8
949,778,3
930,736,3
932,309,1
970,858,0
222,967,9
458,395,8
539,563,3
958,196,3
337,971,3
333,994,3
551,8,8
202,434,4
379,354,6
224,298,6
175,902,2
226,807,8
372,451,4
720,822,9
627,872,1
570,487,8
150,811,6
670,226,4
343,202,2
421,720,2
974,692,6
80,36,6
426,491,8
73,877,8
967,466,7
339,270,0
311,648,3
711,870,4
307,977,4
593,635,6
791,374,8
498,727,4
89,667,6
28,35,7
868,744,7
715,394,4
992,122,1
94,328,1
388,297,2
630,79,0
208,566,3
261,836,7
498,378,0
103,345,4
856,713,4
305,95,7
269,826,9
259,53,7
609,123,7
734,749,4
400,338,9
379,298,1
589,932,3
920,906,6
469,628,8
452,297,0
898,418,4
271,474,4
465,218,6
507,573,3
488,357,2
208,444,8
301,847,8
539,790,2
129,537,5
133,354,1
677,310,7
461,397,5
152,396,6
826,545,1
442,613,6
283,919,7
856,487,7
823,313,7
817,992,8
370,383,2
121,912,5
371,394,9
666,467,4
224,464,6
226,211,2
487,249,1
904,884,6
56,532,3
968,493,0
512,304,3
264,763,1
614,589,7
168,422,9
374,105,3
410,662,8
250,463,7
746,689,6
590,880,8
159,868,5
456,797,2
354,606,3
33,948,6
157,235,5
895,424,0
549,617,8
990,803,3
979,926,2
568,980,5
789,957,3
956,433,7
864,834,2
329,992,2
241,290,4
3,304,3
372,95,6
269,276,0
58,196,2
611,408,6
416,533,6
149,27,7
589,431,9
440,846,2
634,478,3
677,201,3
117,803,0
945,130,7
600,625,4
39,668,9
689,489,8
115,442,9
250,0,9
193,601,8
539,309,6
193,544,2
339,2,4
899,907,0
273,52,6
297,946,2
136,932,3
841,677,2
610,714,7
368,218,9
847,374,4
940,599,7
572,262,2
589,996,7
642,325,6
628,369,0
237,636,3
825,624,3
292,855,1
872,231,9
97,940,1
619,600,2
462,147,4
304,907,4
282,568,7
136,926,9
694,673,0
490,803,3
396,811,2
744,316,8
364,838,9
224,47,6
80,608,9
733,316,0
378,82,4
221,46,3
83,959,6
15,901,7
580,189,5
782,646,3
166,104,1
639,718,6
738,462,2
663,587,3
559,223,1
338,825,5
944,307,7
398,607,0
657,375,0
394,299,9
418,731,0
794,99,1
170,143,3
409,204,0
481,718,1
837,907,7
654,702,7
159,168,5
140,6,7
30,914,0
431,650,0
808,244,2
686,299,8
561,525,6
723,20,0
346,9,6
550,663,0
239,762,8
63,76,9
281,208,9
377,473,7
957,363,3
699,649,1
264,701,5
925,880,4
782,473,6
725,885,2
217,359,8
19,463,4
806,670,5
537,680,5
411,868,0
12,780,1
929,873,1
700,702,9
480,401,7
496,4,3
729,278,9
171,466,5
654,107,2
525,969,7
898,666,2
324,820,0
297,488,2
897,396,3
944,880,6
771,32,2
220,750,3
80,565,4
500,995,9
738,119,3
165,387,5
391,515,1
775,596,6
393,150,3
210,542,2
701,635,6
695,506,3
910,270,8
11,949,8
482,690,0
713,925,9
786,165,1
738,421,8
581,811,9
123,138,7
653,703,8
376,868,8
272,454,1
977,621,3
253,28,9
657,836,8
628,930,1
807,91,0
422,156,7
172,987,4
251,856,2
344,871,8
542,222,7
104,132,2
220,491,2
618,324,5
817,373,7
280,73,6
224,84,0
688,506,5
360,738,3
41,214,8
75,20,9
191,959,2
519,276,8
181,741,7
401,823,9
673,237,1
820,320,9
287,475,6
142,921,7
233,596,1
480,701,6
902,278,2
98,298,9
569,861,5
962,859,0
154,394,4
500,312,5
12,405,7
37,854,6
173,542,2
848,701,0
744,49,2
383,113,9
995,659,4
556,486,7
134,887,8
382,617,8
189,52,6
722,140,8
759,852,1
698,499,3
695,42,2
719,420,5
244,68,5
307,217,3
322,154,1
775,180,3
605,872,0
203,328,5
855,574,5
762,888,9
153,420,5
142,16,5
878,987,9
911,707,5
354,985,0
906,945,0
329,547,0
870,236,0
671,832,1
714,744,5
989,874,6
326,794,8
829,328,1
279,625,8
223,74,0
409,109,1
785,314,6
976,404,6
857,23,8
370,965,0
711,42,5
285,43,5
824,797,0
127,669,0
199,485,5
494,521,7
66,261,8
944,598,7
629,530,8
415,383,2
234,148,7
731,938,3
871,422,7
97,123,0
980,9,8
132,341,4
832,469,1
476,866,4
779,213,9
588,47,0
72,588,8
297,193,8
855,981,4
568,856,2
915,630,8
276,110,9
875,211,2
703,807,7
378,242,5
529,290,9
416,265,9
346,141,0
48,288,7
171,431,5
499,292,3
833,814,8
541,232,9
601,386,6
539,154,7
332,495,0
128,360,4
223,229,5
37,553,4
937,528,6
264,500,5
622,907,6
694,263,2
247,979,2
890,498,1
792,286,8
601,490,6
354,180,6
240,346,8
22,59,8
81,126,6
404,590,1
911,584,3
984,592,8
697,54,6
784,572,6
919,961,8
462,894,0
326,109,5
872,717,9
917,575,2
505,809,7
518,32,3
457,463,2
137,251,3
570,476,3
88,239,2
475,962,6
505,196,1
202,414,9
598,911,5
718,583,0
974,899,0
174,962,5
828,90,0
705,730,1
465,61,3
151,692,4
452,562,1
371,980,0
22,594,0
522,765,6
460,359,9
29,149,6
515,801,8
52,588,6
598,12,7
793,576,4
133,649,9
996,600,6
879,187,7
828,101,6
783,122,4
272,174,7
846,282,7
938,364,2
326,494,8
683,19,3
703,489,9
963,405,8
95,172,4
522,39,1
801,551,8
707,691,0
398,378,2
207,684,6
148,33,3
258,335,5
225,52,1
653,352,3
689,389,4
803,228,0
84,767,0
778,941,7
750,816,1
730,134,9
734,143,7
205,188,6
630,543,4
668,936,9
96,302,8
880,438,5
344,465,1
690,168,3
746,798,1
955,190,0
998,365,2
464,961,9
349,28,9
504,6,9
102,467,7
633,623,2
689,233,3
240,893,8
52,74,0
848,769,0
34,59,1
737,149,2
768,799,7
98,681,8
322,832,7
639,450,6
347,59,4
885,513,6
571,196,8
257,603,8
342,894,8
782,202,1
765,0,5
181,212,7
906,754,6
161,973,1
880,900,5
210,72,8
570,298,7
60,516,5
626,681,3
177,797,6
816,735,7
383,145,3
522,65,3
882,367,7
316,956,0
702,713,6
761,649,4
842,397,1
1,687,1
503,392,9
596,384,2
778,211,4
639,699,9
353,96,0
153,355,8
629,600,1
169,519,7
177,273,5
457,821,2
700,335,5
439,265,6
458,119,2
119,229,5
406,332,7
411,399,6
988,657,3
430,763,0
127,822,5
571,188,8
247,362,0
264,924,6
500,141,4
568,778,6
289,225,8
561,979,2
106,681,6
804,924,9
434,493,5
116,352,4
65,441,6
99,397,5
911,298,2
367,626,4
901,280,1
968,878,5
923,340,3
556,836,2
31,924,1
514,737,2
971,516,2
496,908,7
338,372,3
677,574,6
378,27,3
825,359,7
248,243,0
888,927,8
663,275,7
248,318,3
632,634,8
701,305,4
297,919,2
455,117,9
428,908,8
475,353,8
2,635,4
977,421,1
920,673,1
774,237,5
42,272,8
84,188,2
503,399,9
50,638,2
771,152,6
610,827,6
606,594,5
577,55,8
349,688,5
220,275,9
86,643,6
219,359,2
675,969,3
991,974,0
777,208,9
751,773,1
230,294,3
778,346,3
191,78,4
167,18,1
179,753,6
570,521,5
186,118,6
147,215,5
392,908,1
349,455,7
980,617,2
485,894,4
796,803,4
715,84,6
312,11,4
524,586,9
519,974,5
542,499,2
935,227,9
24,779,1
733,411,0
121,192,9
984,851,7
283,56,1
34,559,4
752,814,3
744,631,3
188,764,8
876,478,0
268,369,6
639,752,6
572,915,0
73,888,7
199,189,4
515,476,1
912,372,6
50,902,9
500,4,0
513,382,5
974,267,8
696,412,3
880,687,3
965,786,1
696,372,3
846,301,5
236,981,4
601,680,0
440,302,9
157,30,1
595,211,3
558,187,1
427,521,6
13,562,3
951,622,4
591,398,8
415,296,2
798,372,6
158,379,4
258,291,4
545,603,3
226,445,5
545,632,7
948,943,6
706,589,9
415,777,1
309,875,2
907,509,7
123,785,2
977,296,1
82,863,0
762,918,3
865,435,4
734,287,3
770,469,2
538,295,6
389,366,8
117,215,1
297,100,3
94,371,7
33,500,6
806,459,1
350,104,4
340,863,1
623,413,2
650,860,3
147,914,3
345,678,4
16,20,3
532,29,8
967,942,1
972,64,2
709,839,0
161,715,6
447,766,3
794,238,8
492,340,2
914,84,9
562,448,4
369,697,0
912,420,2
149,140,9
974,328,7
515,759,1
338,416,5
475,129,9
441,370,2
300,458,8
279,783,8
431,795,9
296,663,6
891,794,6
144,375,2
116,904,5
241,126,1
412,932,5
567,782,3
800,639,9
762,361,1
864,804,3
212,266,2
98,662,8
98,547,7
58,493,0
516,878,2
431,492,2
556,184,0
148,939,5
538,713,5
100,1,7
649,635,5
295,19,1
615,276,7
308,702,0
831,366,9
500,411,9
333,394,2
591,804,6
307,442,0
19,970,3
978,986,8
55,883,4
235,263,0
142,74,8
173,877,9
671,875,7
458,769,5
784,327,5
34,206,0
207,179,0
205,349,0
643,490,7
891,245,1
748,162,0
807,865,4
391,617,0
548,121,3
733,267,1
356,273,8
516,329,4
283,610,5
458,787,6
878,427,9
832,913,3
450,831,9
662,92,1
422,963,5
494,6,7
596,822,3
483,20,0
818,984,2
101,789,4
707,401,3
846,742,2
71,252,0
368,217,6
632,693,1
578,366,9
283,868,2
581,827,2
692,40,6
914,568,9
897,285,9
596,941,3
303,240,0
8,600,7
420,207,9
918,697,1
250,200,5
609,698,1
838,932,6
205,828,4
903,388,4
817,320,4
977,361,5
358,452,5
749,336,3
170,458,1
56,867,9
901,516,6
385,145,4
81,396,3
936,346,6
69,970,2
724,788,4
450,4,4
273,183,8
666,898,5
74,457,7
230,426,6
587,822,6
739,740,5
96,5,4
939,491,9
820,452,1
348,807,8
441,63,7
144,262,9
614,621,3
398,575,3
657,878,5
385,521,5
157,705,4
796,71,6
960,413,6
948,314,9
669,384,7
472,757,2
995,885,1
529,206,3
650,294,3
691,512,7
391,593,3
402,261,4
488,996,9
638,767,0
695,412,5
989,715,0
538,97,7
249,495,4
179,510,9
313,883,7
600,932,7
339,418,2
137,484,3
987,136,5
897,175,3
936,516,5
624,516,2
383,302,1
293,47,3
673,201,6
826,264,3
128,647,0
161,756,6
147,278,8
755,498,9
383,101,9
767,133,6
243,557,1
861,836,4
406,909,3
487,574,1
325,126,0
803,995,4
219,930,6
657,162,4
309,825,0
573,675,0
234,168,0
136,335,2
345,460,7
105,978,4
530,801,2
967,90,5
754,275,3
625,702,3
672,789,3
381,791,9
4,251,6
672,741,9
57,108,4
850,750,0
531,971,9
526,423,3
933,968,1
829,857,2
362,513,7
622,774,4
904,177,9
421,222,7
716,318,0
823,95,6
469,559,0
33,796,5
201,550,2
787,732,5
929,818,6
335,50,9
757,195,6
87,360,4
928,581,5
659,571,4
483,492,5
314,303,7
822,211,4
76,427,3
613,426,2
933,723,7
93,736,7
364,339,6
775,706,3
293,607,1
782,325,3
612,359,3
806,637,6
84,211,7
785,795,7
295,389,0
793,985,4
648,730,6
748,799,4
247,466,5
887,63,4
543,37,4
184,731,3
195,131,6
298,930,4
0,805,4
439,673,9
230,752,7
539,144,5
856,198,2
71,998,3
410,77,8
905,147,0
721,148,6
999,801,0
500,950,6
264,596,5
492,562,7
11,786,8
255,963,0
410,677,2
825,86,3
155,0,8
66,131,8
891,534,1
742,852,4
514,922,0
516,121,5
316,376,3
571,894,5
552,534,3
321,389,7
94,438,4
577,701,8
764,573,1
648,661,7
691,216,0
351,259,6
414,344,9
799,749,9
547,438,0
290,383,8
391,471,6
33,210,9
643,916,1
788,783,9
409,148,7
498,576,3
427,78,7
5,441,4
869,651,4
955,986,0
317,368,1
627,783,4
384,697,5
735,326,3
89,609,7
617,714,1
593,855,3
203,54,4
454,784,8
454,760,1
333,88,7
97,890,6
111,580,5
41,711,9
102,561,6
598,287,4
572,970,5
734,225,3
372,51,4
179,640,6
890,710,7
94,165,0
490,250,3
91,445,8
86,989,6
524,114,9
936,935,6
864,949,4
394,814,3
792,541,5
962,210,2
272,784,4
511,117,4
636,450,9
661,670,7
54,992,3
752,94,9
943,621,8
57,344,8
824,800,5
396,162,4
188,834,4
647,852,4
334,866,5
284,307,7
62,867,9
895,498,0
668,18,0
974,733,0
734,697,6
976,293,0
990,993,2
263,410,6
191,384,2
616,393,1
677,173,9
489,72,0
469,789,6
10,860,1
867,350,6
430,399,3
697,691,0
170,507,6
80,266,7
634,390,3
684,44,6
663,73,6
459,724,0
611,501,8
836,952,6
174,869,4
261,972,0
637,452,0
946,410,4
547,704,4
388,149,9
902,182,8
297,29,6
377,622,5
13,576,3
800,239,7
801,918,1
312,513,6
409,943,2
41,816,2
716,708,0
375,237,0
679,922,0
570,374,4
613,265,7
39,548,2
487,160,6
592,38,4
705,538,1
955,426,4
100,60,4
956,888,7
64,473,0
259,73,1
276,759,9
605,312,5
27,810,1
505,857,5
149,532,5
140,19,1
545,706,4
105,224,3
145,497,7
3,239,4
399,943,6
864,543,8
504,985,4
454,421,8
726,866,3
333,36,2
55,482,2
787,709,1
43,843,2
12,175,4
380,800,1
434,740,9
24,540,8
22,924,8
787,655,6
934,77,0
987,509,5
642,126,1
232,880,5
825,60,8
874,743,6
20,574,9
748,39,0
157,126,0
671,860,2
622,596,7
643,783,1
834,381,4
121,36,7
587,400,1
55,848,8
771,674,4
52,971,0
367,675,5
985,555,5
270,6,4
275,779,0
930,297,4
733,226,0
774,48,2
562,749,0
567,955,9
181,359,7
903,495,7
519,613,2
137,616,7
13,160,9
592,617,6
96,192,6
413,700,1
94,144,0
293,790,3
66,499,4
236,485,0
1,327,3
458,989,6
221,443,4
919,642,6
652,481,4
328,679,0
382,57,1
720,619,4
351,619,7
200,539,6
885,672,8
504,306,8
671,548,9
562,414,8
692,691,6
696,432,2
755,64,3
203,27,6
541,393,2
693,858,5
784,73,9
671,240,6
189,672,8
42,824,5
76,99,0
765,235,5
720,545,6
884,970,9
116,344,9
712,662,1
677,256,6
92,215,2
559,498,8
328,53,4
499,927,7
107,703,1
139,807,0
298,973,5
829,731,2
527,941,9
968,630,2
17,515,7
615,219,7
308,986,6
374,0,3
971,865,1
144,608,0
355,690,9
39,84,0
669,110,1
904,955,1
598,244,5
217,40,5
331,238,8
246,954,0
651,237,7
685,633,0
679,820,2
970,77,4
86,848,3
193,243,5
175,779,6
823,459,4
541,589,5
496,878,2
840,387,8
841,476,3
700,418,0
431,308,1
496,425,3
203,985,6
833,889,3
43,595,0
613,827,4
125,778,9
765,559,3
891,529,2
580,774,2
171,949,7
436,705,6
362,556,9
878,595,4
652,99,2
271,14,5
640,376,3
317,848,6
715,436,6
848,551,3
929,111,0
984,770,9
208,721,4
482,381,5
867,924,2
145,508,9
833,570,5
769,31,0
657,151,5
524,531,0
253,892,2
383,266,1
209,754,0
291,435,3
910,743,9
383,287,7
607,435,4
803,218,6
382,658,8
729,171,4
918,56,6
97,691,8
569,444,9
432,799,4
217,478,5
872,699,2
341,780,2
271,650,4
201,290,2
945,97,3
749,622,2
648,422,4
905,152,7
257,646,8
144,858,1
369,516,6
177,706,2
783,637,3
328,282,1
207,164,2
72,960,5
701,97,7
395,114,7
592,119,8
810,601,5
383,919,7
881,651,5
715,196,8
830,589,0
702,694,5
916,343,2
805,860,0
433,128,8
335,867,6
315,692,8
313,871,3
84,993,9
605,842,9
581,135,9
910,569,5
759,545,5
802,104,1
343,578,9
812,292,3
143,172,3
172,890,0
756,500,9
188,904,7
944,596,6
209,970,3
210,73,6
280,843,4
862,310,8
457,199,3
735,630,3
759,547,1
328,609,4
392,286,2
806,494,5
410,470,5
701,503,7
747,650,6
407,742,6
817,763,9
813,182,9
705,715,2
373,874,6
586,257,8
732,990,2
178,645,5
102,951,2
750,995,7
651,489,7
220,638,1
110,796,8
897,87,4
516,39,2
426,64,9
139,400,2
295,71,1
841,748,1
133,89,6
354,195,7
821,959,9
904,229,3
745,534,5
330,512,6
87,683,6
434,770,2
725,688,7
530,366,5
363,208,4
73,827,2
508,417,8
120,957,8
43,312,3
975,374,5
766,344,1
871,743,2
653,114,3
535,242,4
894,441,8
57,174,8
561,608,0
1,710,5
121,863,3
338,692,4
270,12,5
711,53,6
504,597,3
138,244,3
270,733,5
168,731,7
599,263,0
739,45,9
552,545,9
777,35,0
969,795,0
346,157,5
990,752,8
668,64,5
152,341,8
335,427,3
715,762,3
105,112,4
565,40,1
17,74,5
943,965,2
266,919,9
828,148,9
578,647,3
66,366,6
80,585,5
257,25,7
96,387,9
807,565,1
930,817,7
490,229,1
777,774,1
440,906,4
777,556,9
992,861,1
76,773,6
957,893,2
50,29,0
350,351,1
509,837,0
584,94,9
970,794,2
280,484,2
728,183,2
387,593,7
831,577,8
808,434,4
917,556,0
755,734,4
170,693,2
950,50,3
676,302,5
554,547,0
987,224,6
184,477,4
197,398,1
104,591,6
329,267,6
710,70,1
488,979,6
294,809,7
202,45,1
85,806,6
199,93,8
520,640,8
853,712,3
539,236,1
493,481,1
105,403,6
910,532,9
854,443,3
326,925,4
625,714,8
282,341,0
553,923,3
895,303,6
179,635,0
973,825,9
652,345,5
916,455,1
69,712,0
125,650,6
768,247,0
65,585,1
187,182,0
87,821,6
936,908,8
506,474,8
616,62,9
746,891,5
874,377,2
325,380,3
839,663,4
664,506,8
900,872,3
55,446,1
395,378,7
897,193,9
138,32,4
487,271,2
512,705,4
895,618,1
403,467,6
944,747,7
445,502,0
656,70,5
831,126,5
0,550,7
180,363,3
473,395,6
37,481,8
558,895,5
397,517,3
106,436,8
328,804,2
312,490,1
167,747,3
147,996,5
137,543,1
198,438,7
323,999,8
522,544,1
141,388,4
207,18,0
861,809,8
661,560,6
704,389,8
987,76,5
999,228,0
630,871,1
237,923,4
452,758,8
603,48,6
250,279,0
460,378,8
956,532,1
316,288,5
915,191,2
862,202,1
652,939,2
797,888,0
328,446,0
924,64,6
550,71,7
655,486,6
849,453,3
694,409,7
556,251,8
967,876,5
368,686,1
233,380,7
818,76,1
717,171,9
113,562,6
873,983,7
311,503,3
52,672,2
975,987,9
624,40,8
90,321,6
201,832,7
439,928,2
278,601,4
161,5,6
812,731,1
344,672,3
924,271,8
88,673,2
966,335,0
978,177,4
685,543,2
227,998,5
904,493,7
718,405,2
550,401,2
594,736,5
66,814,3
931,870,0
283,460,6
714,30,8
451,339,1
65,417,7
428,816,8
208,833,7
728,425,6
977,261,8
323,752,7
810,890,0
902,936,8
327,545,7
590,873,3
128,913,0
837,181,8
948,426,6
857,700,6
809,174,2
114,235,9
384,746,2
858,95,0
336,985,3
172,674,5
812,191,1
166,461,6
753,569,0
76,374,8
478,156,4
883,800,7
69,989,8
24,442,2
897,15,8
821,897,1
62,378,6
436,760,7
992,966,1
837,451,1
519,820,3
910,809,5
406,536,8
420,96,7
690,996,4
751,213,3
148,237,5
747,349,0
236,962,2
992,88,4
259,784,5
84,278,0
379,849,9
967,237,2
939,82,8
827,89,8
500,525,0
211,904,6
682,189,9
962,870,9
478,664,5
548,671,0
427,259,7
881,937,0
899,487,6
210,761,6
382,269,5
171,626,6
517,735,2
38,519,8
2,728,1
856,465,3
831,70,3
420,79,0
121,300,7
692,197,5
376,17,0
311,346,3
614,945,2
362,916,5
301,542,2
842,204,4
873,550,2
5,96,9
633,476,0
589,489,4
449,660,0
554,726,3
465,335,3
387,342,0
794,358,7
210,931,3
972,788,0
119,869,5
485,853,8
143,24,7
828,705,3
822,196,2
910,657,0
168,313,8
928,759,1
563,166,9
405,280,4
942,418,6
257,10,7
57,875,1
217,226,9
10,560,8
432,825,4
756,451,1
198,716,7
66,503,4
486,28,3
146,849,4
316,290,0
183,43,6
733,16,6
761,416,0
553,434,7
263,711,7
829,166,9
35,585,9
537,279,2
388,973,7
187,186,0
994,633,3
108,814,0
107,716,9
480,387,6
531,590,1
264,188,0
668,664,4
531,815,1
274,591,3
752,793,0
901,57,9
581,547,8
954,524,3
898,174,3
742,504,3
575,850,6
493,220,6
686,726,9
127,292,8
609,530,3
230,681,3
454,271,8
492,760,3
517,191,9
177,927,7
165,600,8
684,826,1
485,59,4
808,76,0
674,875,5
904,609,0
699,917,1
884,66,2
763,544,2
804,911,6
320,308,9
518,939,3
574,51,4
514,124,1
227,792,8
569,367,3
800,12,7
364,788,1
901,654,8
944,268,5
210,52,1
810,648,7
563,415,4
912,232,2
816,529,3
892,212,5
953,643,9
138,565,0
510,351,6
937,775,9
820,883,3
624,566,3
401,911,9
889,110,0
621,552,2
174,638,5
539,750,7
311,47,2
69,320,7
442,70,1
614,927,3
575,229,9
754,129,8
723,97,3
480,132,2
491,819,6
206,606,4
114,65,6
767,127,5
850,161,3
640,565,0
742,388,5
573,920,3
286,658,8
317,814,8
318,81,8
656,93,9
4,407,1
845,143,2
969,67,3
910,156,6
924,799,8
84,688,5
163,453,5
261,951,9
875,659,2
334,374,0
470,721,2
787,121,9
991,929,8
775,100,2
614,331,4
273,64,3
798,161,5
403,996,7
106,7,2
403,660,2
377,820,8
71,423,6
788,885,2
701,48,2
23,500,6
512,777,7
810,508,6
665,98,6
651,626,0
247,6,3
537,499,5
875,667,1
641,508,1
436,237,9
12,605,1
385,735,6
868,369,9
116,576,7
944,280,4
274,438,1
604,559,4
668,393,6
15,275,3
227,810,8
340,478,4
318,992,0
430,49,4
305,590,0
871,445,9
670,115,4
990,325,6
577,972,2
355,658,9
104,642,2
339,497,4
0,548,6
92,458,8
882,389,5
584,804,9
308,529,2
283,468,0
129,593,6
546,559,8
471,1,3
498,592,1
91,521,4
833,345,4
102,476,3
893,4,1
66,192,8
366,838,4
705,392,8
811,297,9
365,155,1
95,644,6
384,978,9
834,621,0
771,236,6
725,994,2
174,369,3
148,500,7
359,291,8
63,854,9
165,307,4
86,585,7
8,342,8
164,416,4
578,60,6
140,789,9
882,421,4
5,113,0
895,650,8
279,922,8
255,566,7
525,42,5
539,97,2
588,424,8
780,252,9
352,450,7
30,341,0
325,119,5
857,112,7
470,380,5
304,980,1
352,277,7
456,111,0
506,375,8
702,36,1
536,290,1
483,880,1
607,8,0
230,979,7
973,418,5
874,337,8
958,309,1
610,43,3
852,501,4
173,271,1
63,192,8
757,846,2
507,58,5
777,15,3
492,718,2
430,123,4
983,923,7
55,158,3
778,51,2
23,829,6
348,74,8
920,70,4
368,279,4
523,518,8
163,164,0
358,580,3
981,630,5
510,41,3
346,342,6
321,786,5
375,51,8
745,246,6
691,988,4
832,961,0
315,205,4
907,344,7
1,944,2
747,317,1
469,668,4
963,170,9
303,715,8
746,963,8
712,710,7
449,272,4
375,688,4
658,704,2
133,699,8
997,226,8
475,912,4
390,706,9
23,726,2
120,240,0
565,462,5
582,828,7
590,789,4
900,789,3
902,757,3
135,173,7
466,437,9
434,924,2
310,132,9
743,195,1
436,320,2
54,318,0
6,910,2
355,876,1
529,75,5
327,74,2
194,463,5
682,48,6
824,408,9
77,507,0
296,347,2
956,969,7
418,94,1
714,863,9
396,121,2
29,772,1
415,325,8
647,226,8
707,375,3
590,355,5
562,970,4
28,636,8
417,203,5
963,157,1
275,205,4
853,925,7
834,644,0
351,163,2
328,208,9
368,566,8
277,668,4
262,331,7
381,737,7
771,667,4
197,296,4
326,196,9
151,625,2
567,710,6
721,164,3
460,593,6
443,56,2
77,420,9
723,469,9
453,2,1
203,193,5
805,457,9
455,528,2
127,518,7
323,584,0
175,915,3
552,750,0
588,504,4
659,130,3
661,909,7
49,417,1
56,11,3
553,550,9
824,931,4
203,240,8
512,607,9
705,641,8
905,551,9
115,570,5
744,111,1
82,654,1
67,450,3
375,289,6
179,880,6
655,346,2
347,983,6
341,683,1
19,723,5
45,740,7
411,240,2
313,280,7
236,842,7
961,848,0
157,906,5
526,882,2
947,434,2
966,693,7
426,778,0
286,691,0
834,280,2
87,711,9
693,120,2
478,906,0
503,825,2
403,249,5
868,811,5
34,665,5
2,613,1
424,711,3
132,337,9
431,143,1
550,176,6
501,25,5
309,361,4
890,526,8
950,846,1
999,320,4
837,483,8
742,829,4
564,505,9
972,634,4
274,981,5
817,28,9
735,769,3
705,626,9
47,115,0
177,750,8
355,975,2
686,937,1
404,412,3
927,223,5
165,77,1
929,629,2
507,396,8
355,403,1
656,290,0
500,47,0
644,449,1
640,325,6
106,78,6
556,456,3
98,656,7
595,243,8
68,803,4
398,885,8
97,569,1
723,851,0
152,49,5
144,268,6
476,948,3
706,908,0
963,946,4
233,48,4
507,512,3
164,302,2
813,492,9
895,548,6
39,346,1
996,25,1
96,163,6
314,446,4
728,639,6
293,890,8
307,562,8
138,412,8
612,168,3
452,503,1
969,882,0
44,516,8
533,419,2
141,519,8
576,487,5
114,708,1
133,344,2
282,978,7
794,61,0
483,248,9
797,773,2
802,698,8
889,919,3
780,426,0
264,431,9
230,702,0
274,47,4
151,826,3
450,102,5
300,988,9
385,606,3
422,779,6
431,525,7
732,713,3
749,289,6
140,676,7
675,566,8
454,884,8
749,262,5
132,885,8
454,204,2
33,592,5
330,577,0
803,914,5
209,585,2
937,164,0
558,56,3
562,453,4
760,96,5
675,782,0
949,586,0
250,673,0
781,891,5
233,445,9
484,525,7
514,763,9
602,66,7
465,864,7
839,425,5
408,226,7
691,839,7
320,246,7
1,587,5
714,276,7
274,257,6
594,61,4
957,328,2
928,150,3
917,878,1
280,652,7
157,941,6
742,652,0
491,822,0
659,147,0
646,69,9
256,179,4
311,753,9
13,8,5
960,112,3
210,502,7
17,158,6
971,833,9
183,692,9
108,523,0
179,543,3
824,532,5
189,985,1
844,775,4
692,147,4
531,336,4
870,216,3
531,307,0
192,155,4
542,208,3
673,85,9
113,402,1
459,733,2
506,517,7
101,547,7
449,181,1
183,790,1
202,976,6
298,232,9
200,882,4
623,619,4
93,821,6
315,496,5
780,265,0
944,15,6
647,948,9
222,703,6
898,293,2
905,773,9
687,866,9
629,224,6
625,488,5
392,793,9
515,158,2
755,903,4
924,52,7
333,285,3
390,315,2
228,180,0
391,880,6
210,679,2
910,992,3
785,177,3
25,463,9
956,874,9
907,583,1
58,692,6
699,281,8
343,605,8
162,946,4
548,909,0
760,697,4
34,767,5
977,779,9
609,261,8
995,40,1
935,44,7
371,417,6
935,359,9
347,779,6
329,78,5
519,355,1
911,144,6
900,221,9
285,91,0
789,158,7
902,522,3
896,639,6
178,703,7
197,60,3
522,207,3
87,554,5
824,934,1
173,746,2
275,112,4
284,529,2
378,107,8
220,25,6
792,223,4
798,512,4
522,929,1
599,706,9
86,694,2
369,340,8
267,508,3
752,287,3
846,610,9
100,226,8
469,151,4
525,743,9
888,770,3
988,435,6
619,58,7
433,791,4
140,910,1
84,957,8
213,292,6
485,177,1
594,261,6
209,765,3
322,58,3
859,575,2
519,290,1
502,889,7
187,436,7
280,831,2
991,257,9
83,133,1
161,82,8
9,49,7
158,191,6
523,989,1
370,260,8
663,668,9
684,856,1
673,861,0
847,448,4
351,535,8
676,509,4
557,115,1
24,186,6
499,187,6
902,936,6
990,207,0
633,43,6
694,827,8
486,114,6
286,172,3
854,520,7
191,59,4
160,970,9
127,312,9
334,165,6
306,352,9
397,634,7
357,407,5
540,538,4
117,209,6
517,862,4
851,846,4
394,351,6
128,76,5
238,997,2
153,739,2
46,328,0
105,533,2
755,180,4
383,211,7
529,776,7
932,828,4
10,143,8
485,137,2
730,323,5
869,228,3
879,905,0
911,488,9
431,83,2
871,553,4
844,955,2
61,174,5
452,726,5
832,729,8
949,418,8
782,591,2
731,935,4
154,717,4
651,127,6
61,544,7
109,162,7
279,272,8
569,755,5
688,720,0
248,75,0
21,947,1
74,256,1
960,536,2
343,193,7
77,910,1
146,975,6
735,765,4
268,796,5
629,20,9
928,533,9
973,735,3
102,871,7
950,988,8
373,724,8
939,746,3
35,460,8
943,309,1
194,277,6
556,911,7
121,389,1
320,611,9
170,271,7
59,408,5
872,855,1
368,54,0
496,584,6
609,759,7
223,404,9
842,333,2
37,129,6
293,342,0
219,627,1
466,239,6
40,36,0
848,894,1
571,558,2
571,401,0
422,905,3
424,816,9
864,951,7
755,605,1
167,59,7
546,809,0
513,756,3
856,92,0
440,346,6
178,312,5
118,405,2
935,62,2
150,686,0
367,585,9
631,649,7
4,758,3
900,196,2
226,685,6
298,696,0
822,32,8
251,487,1
477,549,2
232,108,1
601,629,3
861,316,2
830,743,7
333,530,9
528,44,2
927,726,7
506,543,6
130,560,4
266,377,0
262,464,2
398,640,6
610,210,1
377,686,1
343,927,8
670,453,1
910,641,7
259,70,4
324,119,5
875,50,2
541,652,7
250,622,0
764,819,0
829,1,2
894,770,4
245,473,4
957,917,6
610,567,9
18,250,1
85,630,8
963,977,4
959,644,8
936,444,6
970,442,9
894,598,0
769,366,9
474,485,1
32,879,9
744,741,3
498,559,4
599,288,2
591,75,4
57,547,3
475,853,6
0,627,3
79,783,2
840,427,8
693,323,8
51,669,7
416,430,1
932,542,7
410,720,3
17,585,1
908,283,7
16,465,1
755,663,1
545,0,3
854,459,1
837,327,4
15,563,9
34,695,4
329,957,8
711,925,0
403,868,1
835,657,5
755,51,5
37,665,0
140,67,4
114,862,1
941,721,1
551,816,8
429,752,6
171,774,6
87,237,9
261,851,6
93,303,5
192,811,6
75,357,8
500,967,8
279,454,1
954,693,0
750,392,6
334,639,3
983,89,0
658,769,9
196,485,0
879,902,2
101,944,3
684,177,5
375,669,3
928,442,0
311,372,7
936,39,2
997,358,9
432,97,0
310,52,6
722,152,2
950,772,1
289,615,0
716,218,5
526,139,5
266,330,4
335,966,7
20,193,4
957,769,7
16,131,0
997,717,9
837,114,3
572,355,2
505,593,9
612,383,9
612,49,4
795,866,2
69,889,6
196,675,7
729,57,6
33,225,8
804,213,1
787,314,3
270,530,5
54,138,6
579,382,2
66,891,0
616,138,0
354,338,1
25,816,6
849,616,0
900,340,2
213,369,5
961,285,3
281,976,4
367,601,1
462,750,0
334,443,4
477,133,7
902,917,7
878,795,8
408,863,5
782,677,0
360,275,9
572,940,6
945,446,2
667,337,8
613,904,4
148,836,7
359,160,1
326,507,8
204,372,4
245,584,8
256,490,0
122,577,4
949,780,2
249,866,8
393,25,4
86,737,9
881,380,9
126,475,4
480,513,8
180,989,1
154,278,2
541,665,5
261,984,1
482,876,5
188,41,8
505,482,1
1,472,4
646,285,4
771,855,7
892,733,0
696,694,0
576,751,6
150,678,6
704,221,0
747,218,3
238,663,3
631,968,8
943,155,9
536,273,8
791,886,0
444,937,5
434,571,5
350,699,0
48,34,1
590,522,3
122,170,4
429,210,5
661,727,5
719,488,0
355,240,0
278,198,3
244,467,4
97,99,5
868,705,5
185,421,1
671,183,6
629,939,0
242,382,9
40,442,2
723,625,6
229,292,4
721,505,6
817,361,7
177,959,6
202,802,0
545,335,9
624,676,3
755,632,1
384,677,7
987,496,7
682,33,8
516,566,6
9,678,1
203,171,8
706,469,7
165,920,4
447,440,2
710,108,1
348,49,8
191,441,8
473,626,2
767,164,8
528,245,6
409,434,5
521,905,2
426,460,8
207,749,8
461,923,9
649,29,9
75,311,2
432,163,4
491,576,6
547,750,4
419,313,1
926,713,2
993,555,0
458,353,0
552,614,5
170,98,3
990,763,9
966,484,2
880,44,3
687,602,9
601,103,2
812,957,2
564,555,4
311,161,0
984,175,7
677,763,9
248,489,5
173,366,9
556,116,8
91,432,6
614,589,4
254,943,1
981,979,0
681,9,6
616,221,6
307,752,1
670,155,0
484,854,9
738,395,2
57,295,4
277,880,2
108,470,8
654,363,2
269,682,1
644,876,6
346,337,2
194,988,9
531,36,8
755,108,4
97,939,8
91,885,3
821,280,6
123,200,9
212,244,3
256,202,4
153,179,4
908,466,0
976,685,4
895,92,6
932,316,6
411,827,5
298,823,7
321,365,7
935,259,0
123,109,8
490,620,8
922,952,5
999,388,9
188,524,0
740,194,2
329,466,8
367,395,4
433,982,4
842,573,8
574,690,5
717,165,9
186,871,7
611,946,5
612,390,6
289,386,9
918,404,2
750,919,3
235,20,2
676,270,9
717,534,1
436,90,5
972,642,3
831,389,3
425,433,1
721,274,0
304,105,4
98,267,9
412,333,8
761,438,4
648,405,9
349,733,6
614,462,6
365,953,1
607,485,8
740,194,7
452,874,6
694,653,2
62,467,1
241,304,3
271,787,8
893,659,4
844,227,3
114,104,7
620,20,3
40,780,6
338,543,4
624,73,4
23,774,6
812,51,3
654,963,9
640,211,7
895,635,0
938,866,7
294,861,1
872,703,7
624,960,9
999,159,1
786,263,6
546,131,0
49,514,4
673,665,6
735,278,5
26,906,5
877,187,2
306,550,3
328,16,9
638,627,4
742,823,4
932,834,7
476,847,5
934,508,4
347,637,7
889,222,3
633,991,9
132,46,4
821,412,2
546,531,6
301,436,9
540,488,7
561,448,9
922,650,0
94,415,0
704,524,8
510,840,1
386,164,8
906,45,4
636,489,3
438,129,1
70,728,0
926,461,4
849,370,9
310,705,0
281,809,8
667,173,5
317,29,5
652,632,6
485,108,0
411,26,1
648,502,5
346,887,3
161,269,1
856,448,8
219,244,5
422,130,9
731,853,7
971,587,0
316,715,9
318,68,0
709,865,1
528,699,9
222,124,8
457,123,5
636,194,9
390,947,7
951,487,8
693,257,2
872,343,6
19,821,7
358,141,4
80,308,0
337,939,4
765,966,5
801,504,7
367,60,7
488,87,6
54,971,9
750,22,0
740,377,8
847,390,5
319,765,2
82,663,0
662,419,8
526,630,6
990,661,1
928,56,4
359,789,9
741,693,2
323,318,3
681,506,9
147,224,7
653,862,5
380,523,6
85,919,6
412,36,5
7,604,8
602,307,7
744,549,0
663,46,6
274,755,4
229,893,0
367,783,6
142,818,7
161,811,7
532,220,6
669,39,0
928,215,5
77,409,1
813,924,9
679,899,4
680,727,4
445,698,0
149,110,2
322,932,7
347,120,3
121,132,0
167,72,8
546,949,9
114,52,6
346,766,6
920,218,8
173,853,5
677,845,0
8,750,9
733,320,1
148,98,6
578,250,3
719,190,2
59,975,6
565,812,9
399,248,2
98,470,9
509,341,4
64,421,5
552,909,6
494,948,7
943,493,6
972,760,4
167,899,0
292,659,6
171,376,2
865,463,6
260,44,3
28,198,8
758,506,1
944,61,1
98,70,8
956,34,4
265,497,7
580,989,2
462,455,4
303,397,1
345,127,2
380,14,7
281,674,4
844,334,9
601,890,4
83,988,1
50,245,9
487,289,4
19,336,4
600,192,5
871,327,8
743,183,7
695,718,4
648,74,6
887,310,4
69,531,2
655,544,0
952,517,6
252,528,6
894,491,8
210,929,7
833,52,7
713,41,6
866,305,2
85,259,9
544,87,8
510,400,0
302,934,6
457,833,8
642,687,7
700,776,6
994,563,0
934,989,9
922,766,9
704,855,3
15,506,1
68,713,1
812,107,4
6,502,8
304,863,8
634,629,1
775,658,8
548,39,7
909,234,2
224,920,3
187,949,1
403,177,2
146,799,8
748,420,5
918,354,8
850,604,5
296,530,4
40,594,3
980,375,1
354,561,3
112,550,5
285,794,0
478,422,7
891,104,4
93,219,9
360,860,0
972,193,3
309,207,6
96,822,6
193,603,3
596,9,0
195,630,0
987,367,6
497,463,8
85,536,4
479,7,2
569,932,7
546,399,6
940,717,1
527,552,3
799,581,4
172,929,7
226,143,9
235,459,3
882,741,8
352,593,1
431,426,4
831,842,4
257,749,1
36,780,3
955,993,0
631,771,9
439,665,1
467,801,7
83,573,1
784,650,7
294,260,8
851,127,5
671,713,5
8,699,8
191,219,6
492,751,8
671,629,0
273,971,4
240,377,4
254,770,4
543,61,7
209,399,2
880,121,8
173,598,2
207,828,0
769,157,5
943,966,9
791,949,7
732,16,3
69,501,5
141,254,1
254,177,7
928,329,7
342,94,6
203,847,3
165,124,1
580,175,2
10,138,6
276,149,8
178,132,0
149,788,3
183,658,6
23,888,9
791,383,9
705,866,4
542,66,0
131,634,1
189,261,9
887,97,1
883,129,9
922,894,0
904,810,0
163,944,9
504,154,5
894,128,3
887,906,2
123,227,2
471,738,9
645,266,9
306,643,6
248,886,0
225,726,9
899,567,0
139,677,4
31,547,5
48,674,3
647,17,4
671,923,0
356,887,5
470,9,8
776,539,1
408,838,2
539,482,4
60,693,9
848,637,7
216,748,8
166,692,4
104,11,0
881,652,2
103,573,0
684,374,0
257,875,4
706,24,4
820,609,3
150,700,0
686,114,8
794,944,3
914,269,6
539,105,4
94,766,9
10,631,0
269,729,3
902,992,1
116,596,8
529,206,5
49,811,6
692,178,3
541,354,4
142,902,9
620,972,0
353,128,6
573,358,3
692,587,1
743,160,7
113,886,3
662,524,6
798,214,9
808,882,1
156,25,3
348,119,2
990,805,7
635,654,2
423,324,9
532,462,4
874,168,2
12,937,0
145,428,6
463,692,6
954,801,3
876,492,9
951,953,1
74,626,9
525,868,1
0,250,9
26,744,5
408,888,2
582,667,2
442,835,7
852,383,4
933,230,0
24,533,3
565,596,5
686,427,5
452,395,5
794,670,7
255,810,6
981,701,2
453,313,1
908,793,1
13,721,6
562,37,8
994,563,5
904,567,4
540,687,4
550,46,4
402,996,5
534,515,3
395,679,1
850,162,0
445,814,8
256,451,0
463,106,3
409,436,6
835,323,3
529,464,6
183,580,4
285,923,3
948,237,9
630,951,5
590,715,0
434,514,6
988,906,9
449,371,1
74,666,6
912,701,4
974,304,0
763,40,1
837,685,7
610,44,6
624,591,6
456,692,5
186,76,9
222,478,8
431,198,5
145,328,0
366,810,7
780,50,6
180,389,4
265,33,9
53,507,5
53,749,3
392,25,9
630,880,6
892,743,5
893,625,4
616,887,7
276,838,8
497,789,5
288,559,6
820,736,6
970,52,5
476,0,7
818,120,4
929,496,7
891,795,8
403,442,6
58,29,2
382,502,4
778,296,1
443,176,0
696,136,1
445,181,0
207,168,3
265,873,7
827,40,8
515,779,7
351,488,8
842,959,6
235,853,4
743,79,0
61,206,8
156,799,5
952,601,1
554,622,5
223,507,3
158,542,2
53,673,0
42,689,3
816,251,1
327,847,1
261,960,8
989,215,3
842,66,8
494,164,9
622,464,4
827,406,3
750,84,0
880,324,6
694,366,0
623,106,8
906,736,5
61,910,2
162,823,7
311,6,8
823,333,9
154,973,8
425,284,3
753,445,5
853,501,1
621,344,5
101,629,8
962,43,6
921,192,9
707,377,6
386,769,6
878,244,0
566,699,2
640,779,3
255,880,6
848,189,2
12,35,9
130,198,0
876,363,2
217,598,7
211,231,9
968,811,0
327,624,3
723,859,6
228,558,2
270,570,3
305,884,7
356,572,3
322,463,3
678,174,4
896,116,1
833,240,8
627,577,9
226,632,0
399,658,9
626,623,6
619,3,9
328,863,3
705,855,3
544,684,9
499,331,0
205,529,2
127,731,1
224,675,9
900,449,7
589,225,6
657,597,7
876,193,2
540,654,2
240,25,2
148,787,3
586,929,3
632,737,7
393,386,8
899,635,2
217,57,2
139,256,5
64,176,5
705,885,3
817,653,1
127,313,9
957,108,9
877,696,6
332,510,9
855,674,8
437,391,4
5,248,0
144,165,1
433,861,3
779,720,6
878,113,3
819,46,8
840,230,3
547,774,2
810,135,0
83,630,3
34,419,7
871,568,6
46,973,2
732,453,1
147,76,9
13,673,9
477,822,8
444,29,1
213,205,5
187,800,9
295,166,0
502,173,6
712,39,0
929,858,1
378,517,8
352,172,1
707,467,0
835,638,6
412,879,0
399,197,6
336,307,1
178,7,9
486,660,8
758,34,1
12,807,2
394,877,4
471,317,5
229,101,6
313,290,1
444,179,8
403,822,8
965,758,8
355,721,2
323,979,1
448,188,8
161,755,3
778,41,0
662,372,9
894,931,1
129,423,6
326,880,5
834,694,6
491,909,3
987,738,5
991,820,2
366,945,5
742,368,0
635,875,5
243,114,9
431,376,0
530,517,3
938,203,8
716,805,8
640,985,9
282,168,4
886,763,6
110,514,9
510,926,0
317,261,0
955,735,2
207,63,6
506,242,2
199,70,0
33,782,0
411,528,6
827,829,8
97,309,1
625,56,9
4,584,6
80,369,4
859,712,0
973,154,4
472,101,6
101,32,4
638,287,5
382,524,8
696,893,1
765,182,2
87,193,0
692,816,5
757,525,6
2,950,8
984,798,7
64,359,6
66,591,4
808,835,2
478,331,1
236,799,0
817,13,5
218,510,0
686,784,8
289,383,8
958,227,7
12,288,1
687,368,6
105,881,7
586,173,4
687,495,1
873,910,3
989,444,7
400,732,9
127,121,2
575,715,4
956,958,6
487,132,7
238,883,3
809,292,9
674,228,7
846,974,8
617,17,3
41,440,7
415,20,9
312,460,3
33,498,9
361,828,4
987,591,5
669,52,2
439,345,4
219,481,9
54,409,1
587,656,3
453,654,3
544,580,3
856,750,8
734,909,1
823,151,0
395,615,6
108,361,7
646,345,0
968,258,5
763,531,4
96,281,2
177,900,4
186,932,3
523,963,4
283,791,2
650,243,3
8,227,2
982,432,0
561,423,4
588,691,3
905,539,7
930,313,6
408,159,3
963,787,6
844,841,2
80,938,0
237,978,8
112,676,0
322,361,9
237,202,6
625,435,7
557,374,8
187,414,9
204,282,3
645,360,6
934,811,2
752,29,2
464,260,0
43,890,2
725,729,1
430,417,8
32,520,2
456,769,7
374,139,3
380,160,9
970,516,2
690,816,4
115,26,0
238,270,9
812,903,2
699,924,7
945,377,3
973,352,5
971,596,0
846,535,2
310,385,0
467,52,7
893,567,0
463,784,4
828,17,2
106,845,9
779,871,8
928,866,2
724,866,8
531,465,1
257,733,2
283,449,1
551,5,4
478,443,7
793,940,8
550,165,3
519,721,6
943,645,8
133,303,9
488,971,2
939,966,6
432,118,1
267,14,3
457,349,2
717,30,7
660,732,2
550,976,7
590,603,7
158,40,2
439,469,3
59,833,5
14,414,4
607,230,4
922,338,8
619,52,5
123,44,9
289,399,5
782,302,7
470,988,3
524,424,4
588,495,6
548,626,1
766,592,8
213,802,5
295,291,9
696,712,1
989,539,1
956,565,9
69,855,3
676,233,8
4,303,8
505,561,2
390,960,9
682,705,5
543,80,0
804,643,7
231,471,9
630,45,3
563,56,6
917,478,1
436,627,4
737,345,8
94,992,3
464,622,6
387,348,7
734,622,6
713,598,4
567,425,0
667,819,1
691,133,1
4,980,5
873,980,8
524,980,7
645,848,2
114,973,0
223,483,9
116,835,0
737,511,5
592,321,6
794,398,6
602,904,4
273,161,2
785,406,2
992,740,1
816,754,8
581,438,0
476,393,4
755,775,9
523,811,3
641,946,5
813,279,5
568,356,6
472,971,9
806,176,3
939,784,5
370,303,6
133,680,2
727,793,4
657,182,6
465,102,0
655,792,6
620,300,5
673,231,5
335,73,0
688,202,3
389,356,9
988,396,5
697,321,8
218,499,4
936,173,5
981,541,3
668,764,0
588,59,1
946,503,4
522,594,8
889,461,3
126,429,1
771,130,8
751,942,9
258,937,5
855,482,1
432,243,6
530,623,4
763,514,9
113,694,9
315,618,4
170,742,8
925,816,4
485,842,2
772,464,7
568,844,2
433,495,1
476,807,0
527,336,6
593,700,1
678,123,3
129,105,7
29,684,5
439,72,4
526,695,9
169,211,8
989,662,4
396,514,5
748,547,0
281,890,0
772,638,2
321,904,9
684,700,6
468,122,9
973,695,9
268,466,0
87,809,3
650,242,0
311,304,6
126,987,8
468,754,9
703,609,1
232,799,9
563,518,2
25,387,8
764,100,8
192,277,8
796,612,8
280,167,0
929,587,0
433,368,7
530,586,7
106,325,0
912,538,7
67,135,8
55,800,6
353,228,8
9,59,2
261,700,5
708,664,0
67,955,5
500,511,8
731,162,1
319,182,7
583,90,1
163,275,1
763,362,6
800,333,0
123,757,8
182,307,9
9,872,8
292,328,3
765,546,4
218,785,5
151,238,5
574,105,5
936,337,9
331,706,2
922,495,7
197,281,2
503,97,8
828,351,4
594,998,0
480,448,8
575,563,3
310,45,7
895,110,7
404,723,6
554,93,2
914,114,1
502,320,5
57,95,5
56,728,8
774,268,2
237,985,4
958,599,6
578,624,4
328,721,3
966,64,4
847,862,3
827,334,3
15,466,9
669,721,8
583,228,0
834,694,4
568,624,5
167,138,8
472,212,1
373,503,1
509,282,4
66,426,7
410,668,2
37,619,4
986,201,0
814,628,8
392,533,4
207,267,7
305,871,1
254,93,3
108,739,8
635,12,9
563,22,1
160,709,4
286,201,3
4,309,5
688,684,9
454,530,1
447,237,8
218,265,2
683,172,2
784,423,1
32,694,2
941,419,9
826,597,4
919,567,8
425,989,0
374,557,3
794,529,7
938,514,0
690,342,5
304,838,7
301,190,0
357,34,4
98,701,8
930,118,6
539,877,9
406,409,8
408,576,4
115,692,3
895,1,7
46,316,1
721,11,7
21,453,7
900,643,3
477,201,6
233,558,2
437,937,7
574,243,4
715,217,5
229,585,5
191,908,4
178,752,5
875,55,7
287,233,7
926,728,6
610,254,5
911,935,7
797,549,3
9,726,0
914,727,9
415,172,3
811,129,1
815,10,2
317,812,3
717,581,5
522,572,3
787,950,7
543,993,2
134,670,4
671,245,6
742,706,0
938,129,6
738,619,0
304,511,6
759,216,3
644,413,5
551,196,3
541,139,4
205,70,3
439,76,6
824,934,8
761,175,3
415,553,1
201,999,7
801,876,8
415,708,8
568,164,2
650,339,5
297,978,1
918,184,0
23,542,2
972,700,9
696,388,3
60,626,1
52,397,6
823,578,8
149,685,7
613,215,8
350,489,0
295,520,2
355,876,1
901,360,1
926,969,7
880,506,8
316,846,2
243,773,1
497,589,1
77,974,8
72,453,8
725,85,1
316,986,9
807,518,2
162,996,1
244,649,5
424,500,7
358,548,3
633,984,4
148,821,5
378,356,3
945,420,5
215,220,4
224,97,1
974,175,0
263,799,9
179,38,6
703,645,6
839,42,0
357,793,5
423,877,7
298,204,3
745,711,1
698,185,0
906,839,0
926,334,5
797,591,9
373,176,2
955,963,8
497,960,5
469,283,5
63,17,6
79,143,7
620,116,0
578,814,3
223,174,7
284,947,7
932,95,9
538,268,1
729,221,2
104,60,4
17,59,5
603,735,4
977,703,7
641,351,3
413,721,7
166,749,5
168,219,1
95,794,0
57,72,2
304,580,8
609,457,2
477,242,2
379,827,8
204,294,8
364,832,7
364,41,1
507,504,2
121,402,4
706,75,0
2,331,5
462,529,2
382,666,0
63,232,8
703,844,3
921,498,0
29,30,3
199,542,0
735,143,8
939,44,7
255,872,1
534,406,7
454,607,7
530,142,6
24,322,2
204,894,4
986,24,8
7,454,4
978,858,5
9,822,3
358,120,2
250,771,5
142,561,5
560,490,1
599,283,3
128,362,5
409,198,4
44,797,2
259,647,1
367,417,3
315,633,4
355,939,8
388,284,4
530,521,2
612,930,7
443,175,3
815,279,1
230,564,1
795,445,2
127,157,2
491,260,7
767,898,7
413,513,8
799,941,3
360,42,4
893,642,6
76,886,2
200,426,8
170,543,4
906,226,7
16,647,4
632,912,1
768,576,8
866,214,9
926,298,9
904,672,8
253,45,8
462,874,2
139,302,2
792,890,2
568,763,8
793,628,9
262,291,3
277,574,6
107,613,9
606,518,6
536,157,3
945,9,3
611,73,1
310,500,0
754,870,8
16,285,3
657,686,4
982,922,5
627,975,1
181,327,6
942,989,6
401,893,8
740,370,3
348,748,4
961,379,1
85,67,6
61,602,7
219,590,2
480,408,8
631,836,1
845,852,4
667,614,8
8,275,9
8,606,4
694,86,7
877,12,2
882,432,9
710,699,7
210,648,3
919,54,9
520,188,2
285,274,0
735,501,5
658,137,6
55,734,5
872,913,6
790,536,5
432,130,3
92,285,2
677,505,8
267,103,9
589,668,9
985,748,8
345,608,7
19,658,9
834,776,8
187,989,2
308,251,1
601,399,6
363,213,5
510,891,8
707,9,0
373,775,6
278,985,5
683,51,8
596,675,6
102,84,9
492,46,0
699,872,5
667,650,3
338,244,2
210,948,7
680,605,6
831,53,0
701,277,1
91,389,2
920,24,3
655,496,7
161,176,0
328,45,9
706,135,6
972,285,3
879,118,9
733,415,4
698,34,5
43,862,5
592,769,4
557,687,3
480,8,6
986,150,1
346,141,9
761,478,2
286,821,9
391,852,6
260,489,5
614,900,1
404,229,7
830,23,8
553,401,9
384,746,5
457,644,6
193,740,7
721,752,3
623,593,1
431,370,0
333,266,3
910,659,8
770,750,6
196,919,4
557,974,2
306,281,6
255,674,9
461,185,5
411,156,7
655,99,7
751,306,8
663,203,2
579,41,9
783,742,8
572,213,8
825,466,6
773,307,3
843,341,3
861,176,1
863,733,7
750,734,3
82,547,2
320,282,6
705,108,5
524,262,2
406,217,4
504,166,9
319,730,7
863,305,7
549,482,6
173,255,1
172,602,9
208,125,7
136,102,1
292,776,9
729,783,7
306,455,1
23,521,5
796,551,1
696,430,0
500,537,9
450,176,5
39,599,2
273,373,6
605,398,1
524,467,7
908,765,8
67,783,3
381,900,3
291,363,0
690,692,2
763,732,3
968,985,5
484,940,6
263,67,3
267,860,6
822,277,1
1,489,8
497,467,7
394,234,9
116,200,5
504,980,7
423,70,1
63,866,9
19,901,5
607,700,5
426,797,2
848,548,9
81,104,2
956,676,8
946,414,7
347,393,6
151,587,2
491,821,0
721,579,0
36,686,5
38,79,4
281,761,5
933,71,9
396,984,1
663,827,5
600,444,9
248,16,2
667,970,1
463,45,3
962,907,2
861,379,3
564,783,5
227,938,7
954,224,6
687,847,2
408,335,7
331,191,0
155,126,9
482,678,3
657,103,9
802,803,5
768,608,9
391,106,9
112,25,5
591,367,5
196,384,7
917,996,7
992,309,2
808,722,7
970,438,6
710,791,7
152,1,3
923,408,3
403,792,7
419,868,5
890,562,3
736,311,2
615,675,8
523,40,0
903,182,2
951,200,8
760,201,0
22,51,5
615,145,3
396,350,4
677,573,3
115,971,2
296,443,4
202,386,9
920,726,3
611,353,5
748,710,7
632,311,6
345,107,1
802,156,5
766,730,4
677,955,9
497,214,1
223,962,1
276,1,5
185,170,7
344,473,7
360,231,9
751,905,3
917,109,8
8,654,9
479,618,7
744,394,7
422,72,6
217,798,9
513,933,5
568,66,5
481,485,7
923,69,4
337,334,2
12,581,8
360,32,3
713,322,4
506,291,5
842,817,9
745,840,2
375,682,2
887,358,9
418,523,3
184,897,2
952,320,9
684,848,3
132,740,4
354,31,8
397,726,1
556,302,0
881,550,3
455,704,1
326,873,1
654,351,5
927,651,9
458,486,3
966,462,7
141,486,4
504,970,7
799,113,9
723,245,1
631,938,1
947,764,7
856,309,9
422,193,8
584,246,8
834,557,7
634,898,0
437,586,0
822,575,2
95,678,6
230,974,1
787,93,0
559,489,5
170,132,0
861,208,8
890,998,2
357,302,8
93,381,4
902,313,5
939,477,5
461,986,9
729,259,6
685,780,9
178,953,4
686,97,4
257,917,1
232,10,4
112,962,1
312,618,8
972,397,4
161,63,6
741,726,7
706,184,1
553,196,9
43,578,1
28,327,3
350,195,9
152,93,6
567,346,7
935,26,8
15,355,8
764,282,4
184,256,2
840,425,0
499,123,5
811,675,0
982,895,1
926,391,8
682,898,1
950,696,3
422,12,7
784,837,9
442,811,6
173,917,3
927,441,8
493,359,2
888,212,1
287,712,0
400,175,2
605,907,6
459,773,4
735,112,2
625,119,8
986,402,7
216,137,6
576,65,4
583,182,9
556,936,3
629,902,7
678,516,6
981,279,2
771,200,6
346,752,0
280,726,2
145,230,5
494,119,4
798,117,9
85,518,4
684,248,2
950,70,7
736,456,1
59,590,8
79,753,5
299,68,0
35,351,8
140,156,2
19,502,3
981,667,1
855,309,0
697,113,2
839,578,1
473,144,6
39,744,8
565,68,5
90,24,7
228,539,2
835,757,0
652,419,0
246,652,8
768,713,1
924,270,7
836,580,0
32,318,4
245,435,3
736,10,0
567,121,3
387,86,2
157,335,5
293,170,7
131,635,7
574,509,3
419,845,3
201,700,5
210,953,1
66,571,0
976,908,8
16,584,6
718,157,3
158,901,7
974,237,4
746,608,3
733,696,6
599,207,9
818,432,3
881,613,2
223,820,9
590,556,2
903,639,5
861,92,2
130,445,3
514,248,6
107,340,5
303,414,3
112,987,7
334,601,0
730,150,2
222,15,7
885,597,5
637,346,3
671,936,8
756,692,1
950,495,9
455,492,9
501,995,3
211,677,0
477,788,0
139,991,0
727,611,9
514,848,9
30,668,6
167,681,5
522,370,3
34,736,6
644,283,0
883,826,1
658,896,9
545,627,5
53,209,2
547,847,7
582,717,5
516,160,4
137,85,5
353,885,2
729,366,3
239,169,3
60,689,2
374,184,0
313,775,5
538,899,6
940,487,5
504,273,5
183,617,1
525,787,5
604,186,9
939,188,3
859,42,4
985,91,4
760,310,6
730,804,9
6,637,1
847,626,4
788,910,7
445,844,6
165,777,9
119,703,7
732,938,2
887,377,9
63,842,8
940,84,2
300,417,3
556,150,4
27,251,5
788,68,5
953,664,8
429,948,6
70,104,2
556,298,6
336,787,3
895,723,8
978,510,4
489,725,8
578,248,8
575,854,8
604,798,5
129,745,1
54,440,9
163,608,6
0,515,9
345,469,3
31,281,2
716,141,7
582,413,3
95,24,1
702,349,9
615,48,1
794,153,4
6,444,1
962,9,7
12,103,1
863,685,3
675,56,6
155,364,9
478,845,3
748,950,1
287,590,5
129,944,3
169,736,5
255,5,7
410,479,4
617,588,9
84,292,9
298,400,5
630,165,4
731,632,5
768,988,6
303,433,5
534,584,2
304,797,9
728,423,5
48,110,5
930,532,2
401,129,8
956,637,6
96,90,9
333,196,9
49,863,8
291,690,2
196,625,8
567,800,2
147,84,8
880,231,3
597,996,9
542,667,4
114,216,1
971,514,6
900,799,9
104,249,7
221,349,0
791,884,0
507,809,5
450,599,2
838,370,6
23,425,9
759,757,8
984,876,9
525,750,7
626,898,2
392,732,8
818,270,0
228,462,9
611,185,8
292,862,0
60,860,1
629,494,7
123,221,9
67,645,5
520,214,0
97,165,7
870,225,1
372,394,1
323,350,8
791,112,9
846,325,8
57,116,7
433,949,9
924,89,2
572,968,8
990,975,1
509,384,8
901,356,6
772,984,8
653,433,7
859,7,1
276,472,2
14,77,7
313,21,3
604,178,3
976,169,3
645,509,8
617,860,7
79,367,3
500,878,5
156,539,7
136,403,6
990,890,3
746,913,2
103,557,1
253,382,2
620,172,3
92,203,3
323,150,9
261,135,0
982,401,6
644,812,8
91,281,5
424,511,9
761,927,8
697,405,9
968,570,9
257,903,0
475,941,8
256,103,6
671,904,4
613,145,5
456,811,4
516,363,7
418,595,9
690,243,2
966,214,9
411,811,5
456,821,9
791,180,7
484,533,1
684,431,6
895,548,4
817,124,6
336,623,1
329,486,2
906,138,7
945,459,1
472,909,0
319,659,2
371,827,8
743,958,2
535,72,5
532,611,2
264,245,2
535,609,6
818,414,3
17,669,9
124,488,4
869,966,2
48,708,7
929,512,3
293,670,8
131,701,2
91,252,8
715,331,7
196,23,2
791,160,7
695,868,1
664,818,0
502,745,6
533,4,1
763,868,2
139,99,5
576,799,5
578,508,0
544,948,2
558,172,6
770,935,7
174,858,5
715,385,8
200,371,1
555,376,4
541,460,4
622,882,2
145,702,0
906,252,4
555,610,4
61,543,2
696,216,5
171,688,3
160,369,2
75,993,7
318,355,7
246,368,9
107,220,3
624,216,7
917,621,2
313,426,8
540,769,5
896,350,9
933,930,3
789,108,2
738,490,7
363,280,6
775,618,2
327,249,9
450,406,5
56,212,6
760,734,2
668,786,0
239,364,1
898,91,1
797,533,7
115,434,2
321,704,2
824,27,3
807,980,8
416,465,7
292,885,1
436,146,4
83,706,4
654,175,7
245,661,6
958,97,7
728,165,0
45,243,6
323,551,1
927,943,3
966,401,7
649,608,2
765,155,7
858,45,5
230,207,6
355,525,1
682,225,9
158,508,2
984,674,2
199,140,4
566,899,5
225,958,5
520,445,1
795,917,2
887,528,7
251,525,0
141,121,2
861,929,1
387,982,8
385,201,6
830,874,7
515,244,9
838,758,4
338,136,2
684,513,2
822,195,7
315,544,9
149,953,7
66,161,1
480,48,4
993,337,1
603,728,8
44,547,1
341,280,4
718,34,6
238,340,7
605,478,1
41,283,4
48,762,7
608,451,0
916,311,9
202,677,0
305,213,9
904,29,7
739,424,4
575,181,0
251,733,5
838,155,0
568,936,5
331,207,6
690,845,7
837,912,5
416,560,9
299,422,3
863,534,3
253,950,7
931,51,8
199,343,7
138,431,7
780,213,4
120,814,8
976,929,5
503,920,9
940,115,0
245,573,0
930,860,5
37,987,2
151,169,9
135,718,2
168,54,9
593,9,0
385,678,0
815,653,0
678,164,5
313,288,0
274,745,4
336,747,1
167,345,5
250,349,2
391,986,1
926,757,3
122,249,8
404,809,6
514,891,6
629,738,2
203,999,5
127,692,8
907,161,7
970,406,6
70,466,3
157,667,2
392,506,5
828,935,7
929,293,1
959,675,7
610,667,0
599,22,8
455,258,9
474,126,5
352,562,8
135,5,4
339,160,8
725,506,5
81,241,8
563,243,3
369,536,3
182,220,9
600,115,0
58,17,7
353,690,7
409,987,1
128,826,9
760,953,1
613,297,3
454,962,4
810,204,7
55,197,8
489,634,3
885,402,6
851,226,9
86,460,8
846,484,8
810,69,4
914,929,1
828,967,7
283,305,6
709,481,4
412,906,6
455,208,9
275,981,3
680,474,0
621,249,7
561,892,6
841,397,7
108,315,7
691,383,1
366,29,7
231,817,0
580,865,2
394,186,5
327,215,4
508,184,7
123,144,5
837,861,2
671,410,4
432,399,0
448,759,6
349,249,7
578,197,5
371,319,7
80,46,5
569,246,3
418,756,4
687,328,8
783,89,0
409,411,3
903,35,9
143,807,7
525,264,0
262,349,9
405,230,0
41,390,6
107,441,1
655,866,9
819,799,3
735,65,9
256,30,1
615,695,5
959,221,6
970,384,9
0,921,5
145,934,9
884,79,2
265,290,1
179,644,2
938,368,2
506,887,9
921,363,7
115,686,9
945,919,3
906,974,9
370,525,6
639,179,3
709,697,2
313,408,1
502,714,0
875,499,5
961,324,3
126,21,0
485,810,8
504,969,6
419,231,0
367,262,6
994,921,7
736,518,7
24,2,5
906,942,7
452,445,8
568,791,4
591,801,0
82,216,5
323,332,7
182,214,0
349,787,4
770,102,7
390,541,4
695,320,0
357,396,6
622,68,9
720,652,1
658,229,5
818,488,2
380,53,6
403,491,4
523,148,7
363,671,8
599,428,0
314,476,8
633,320,8
515,727,1
118,505,3
929,659,1
376,106,5
364,415,0
238,947,8
50,25,5
630,478,4
25,745,2
414,329,9
737,354,4
251,210,2
40,422,6
777,159,9
129,939,6
155,950,4
940,710,1
711,717,2
249,963,0
437,416,0
567,503,5
348,34,3
784,642,4
167,813,0
632,595,4
515,566,8
118,2,0
927,395,1
443,653,3
428,6,9
193,484,5
36,386,3
36,177,5
91,746,0
24,301,9
378,817,2
248,701,6
759,940,4
810,563,1
881,143,4
655,688,9
20,728,1
843,684,0
754,49,9
842,535,3
305,3,2
234,962,7
693,680,0
872,458,3
158,333,7
97,472,3
810,956,6
115,354,1
977,260,1
205,956,8
831,960,1
362,735,6
89,786,5
87,65,7
607,457,6
547,26,6
980,643,8
384,768,9
796,609,9
956,484,8
694,883,6
977,251,3
84,511,0
828,589,9
150,879,8
755,5,0
819,521,6
675,658,3
672,214,2
326,440,6
280,152,9
211,708,6
410,889,6
26,608,6
635,16,6
126,245,2
443,608,5
822,501,7
361,26,2
432,244,2
256,93,7
964,826,0
810,6,0
976,620,3
571,358,1
215,722,0
872,563,8
600,16,5
594,79,2
377,103,9
842,605,7
474,855,4
624,393,5
110,90,7
188,641,9
312,538,3
21,665,1
689,307,1
859,646,7
416,837,0
62,475,1
408,787,4
595,992,4
704,534,9
74,717,6
76,536,2
695,265,1
530,708,8
153,915,2
447,331,9
383,357,6
880,753,0
106,313,6
331,941,1
653,557,6
489,895,5
105,655,9
396,314,0
987,660,3
669,679,6
552,20,4
720,85,8
897,801,5
863,257,6
775,953,1
804,400,1
310,542,0
639,235,6
679,5,6
309,978,6
606,610,9
169,44,5
640,881,3
978,948,9
718,166,1
667,285,7
215,11,2
119,664,1
282,371,8
491,633,0
186,458,2
550,532,9
254,273,7
435,739,1
748,764,0
831,983,8
948,428,8
156,438,8
44,679,1
866,898,8
425,906,8
864,65,3
743,821,8
437,485,9
624,325,2
750,725,8
558,230,6
242,241,1
425,892,9
433,697,9
811,398,9
342,641,8
125,990,7
14,917,5
901,313,3
54,516,8
256,498,5
707,446,7
899,806,3
159,927,8
280,291,1
524,216,7
684,983,3
521,723,4
605,823,1
800,552,7
707,78,0
928,226,9
622,301,1
835,209,9
21,372,4
977,69,8
989,892,0
877,186,2
61,686,4
683,295,4
769,612,4
217,667,0
786,463,5
35,623,9
153,869,0
739,570,0
351,189,9
727,788,8
102,346,8
161,657,3
958,296,5
761,569,9
141,489,7
486,283,6
316,606,4
717,852,7
471,324,4
517,681,0
840,394,7
696,132,2
474,691,4
597,607,9
317,573,8
107,402,9
570,925,4
871,421,9
598,566,9
502,581,6
421,260,4
777,644,2
70,295,4
573,629,5
182,882,8
433,671,9
1,57,2
340,827,6
953,921,0
6,84,4
844,604,3
442,833,8
957,921,9
900,39,9
286,864,6
863,467,3
862,232,0
61,433,6
232,696,6
469,276,2
618,39,8
456,545,9
860,807,0
647,468,2
534,149,1
526,177,5
898,269,3
300,393,0
462,47,4
586,297,5
957,790,3
222,196,8
404,839,0
224,69,8
878,964,9
202,711,6
508,480,6
49,536,9
632,385,1
421,530,8
751,635,5
439,7,8
794,459,4
431,21,3
289,240,3
161,451,5
259,713,7
810,109,0
52,226,3
698,843,0
513,800,4
728,591,3
770,45,1
944,28,3
120,812,9
904,996,2
427,794,2
310,278,1
375,173,2
671,34,1
365,292,5
450,43,8
63,227,1
718,20,3
278,740,3
28,158,4
923,405,5
0,492,8
67,729,0
699,290,8
92,80,7
970,166,0
364,901,0
304,126,8
76,562,7
714,971,5
145,550,8
605,25,4
45,681,7
496,68,6
388,444,9
169,280,8
989,968,6
57,349,0
285,906,3
407,725,1
10,318,5
51,15,7
206,458,6
710,651,8
850,642,2
884,8,0
369,787,3
50,600,5
804,384,6
397,190,3
131,323,8
922,839,7
903,607,3
656,646,0
612,397,8
507,846,1
696,171,5
348,141,3
680,220,3
513,288,8
996,871,8
729,180,0
650,144,0
693,423,3
685,545,4
730,124,7
252,899,6
292,165,3
240,754,1
139,821,8
466,570,5
596,231,4
252,18,2
516,793,7
159,40,5
725,506,7
445,70,3
334,105,2
115,385,4
110,369,2
152,673,8
441,563,0
864,264,9
36,205,1
411,266,8
831,990,2
899,539,4
618,794,4
420,704,8
994,252,2
627,263,7
683,52,9
322,813,3
307,270,3
82,834,7
683,901,2
491,54,7
809,945,6
272,449,7
580,789,7
452,519,2
718,259,5
308,574,2
630,117,7
950,831,1
982,695,0
454,358,2
814,444,7
811,12,4
439,68,8
660,842,1
903,582,1
233,378,8
88,118,8
455,645,3
231,772,5
185,462,2
482,640,7
891,784,9
358,683,0
702,332,5
838,896,0
714,84,6
857,968,7
109,158,8
30,975,9
906,116,9
689,882,4
201,294,7
476,215,6
268,455,7
4,516,0
922,297,7
74,916,8
703,354,2
405,831,9
672,133,8
730,256,8
548,885,6
227,762,2
178,708,8
701,392,7
688,500,3
532,667,8
39,505,9
134,224,6
501,162,6
349,747,1
899,577,2
932,449,7
600,835,2
36,197,5
517,692,8
410,411,6
799,735,2
117,316,7
89,8,9
647,539,5
802,814,0
244,442,6
488,975,0
934,700,2
641,16,2
961,837,0
0,18,4
114,159,8
718,689,0
935,496,8
770,676,2
158,239,0
75,499,3
211,779,5
917,427,1
953,856,0
639,916,8
182,838,7
23,904,6
378,557,5
362,840,2
6,810,0
253,797,0
599,747,5
801,395,1
423,930,3
286,950,8
471,486,9
825,924,5
29,234,7
328,28,8
469,563,8
87,272,7
784,416,7
181,653,3
457,93,6
306,575,5
177,173,6
541,5,2
133,211,7
125,473,5
815,437,6
259,854,5
400,600,3
591,758,6
655,376,3
730,821,2
322,783,1
41,948,8
659,758,9
646,583,7
174,495,9
505,9,3
43,696,5
388,637,7
356,627,1
570,836,7
693,545,3
348,891,3
113,701,1
247,255,0
160,930,0
959,195,4
397,196,5
425,124,3
885,238,4
158,454,8
409,127,7
131,975,6
683,11,1
51,793,9
727,927,8
153,201,9
823,365,7
495,230,0
143,463,6
438,728,2
530,118,9
539,813,6
100,188,1
164,478,6
648,590,8
966,231,7
121,525,0
395,412,6
589,319,5
750,754,0
890,388,9
827,495,0
773,250,8
446,373,5
731,98,5
490,740,5
478,523,0
467,789,7
159,134,9
144,630,5
892,906,0
893,250,2
328,84,1
434,13,9
547,435,0
611,223,5
76,469,1
416,129,1
169,871,3
753,248,7
239,170,3
886,6,4
874,934,4
902,83,5
380,62,4
761,154,2
699,183,6
459,351,6
182,36,8
902,283,7
957,582,4
976,552,7
769,648,9
872,121,7
796,169,7
479,826,3
180,589,8
896,563,3
60,393,5
455,359,7
596,542,2
932,920,3
995,226,8
969,965,7
318,243,7
183,419,5
81,460,3
67,60,8
623,950,2
122,467,6
213,554,2
111,633,0
446,429,8
198,214,9
771,396,5
573,320,5
677,360,3
82,682,5
957,211,5
71,903,9
415,927,8
751,383,8
947,27,7
559,542,7
332,962,5
367,454,2
906,300,4
844,193,8
626,86,2
436,461,4
896,946,9
99,733,6
865,323,3
329,719,7
172,185,0
402,972,3
868,422,3
338,545,5
99,988,4
133,681,8
66,182,6
949,834,2
302,255,3
157,361,8
890,943,8
218,287,2
489,95,6
681,457,5
903,200,8
404,485,4
319,846,0
147,587,1
274,271,0
585,906,0
348,113,9
716,445,6
424,18,3
615,984,9
129,739,6
865,225,8
373,462,6
259,81,4
205,359,7
473,562,6
334,978,2
215,771,7
423,318,4
49,826,8
888,791,7
806,951,6
725,826,4
150,112,7
125,185,7
404,339,1
71,615,9
889,362,6
430,456,5
552,582,6
878,241,5
741,853,0
875,955,6
929,360,5
478,752,3
247,412,1
882,199,9
516,51,3
144,727,5
688,697,9
679,332,4
343,966,5
848,280,6
354,715,4
233,596,9
121,344,6
855,981,0
801,183,3
202,557,7
94,374,6
591,345,4
489,240,9
535,291,5
883,547,6
856,92,3
71,765,6
310,612,4
98,899,8
939,720,3
455,464,8
693,544,8
295,283,2
482,742,3
334,760,4
421,968,9
489,291,5
681,986,1
958,396,8
38,234,2
515,961,3
242,886,8
506,176,8
8,805,6
501,109,6
917,453,8
645,928,4
410,619,5
863,523,0
735,850,0
406,574,7
277,48,4
488,996,1
685,280,7
396,57,7
825,360,8
995,293,8
580,369,5
758,420,2
634,186,2
626,318,0
257,904,6
684,600,9
117,860,6
592,250,1
122,979,9
152,208,9
844,564,5
974,97,2
921,25,7
662,892,6
715,628,5
533,605,2
969,72,3
247,434,8
627,367,4
25,93,8
350,156,1
973,56,5
339,500,5
74,825,8
925,150,2
885,270,3
30,444,3
591,345,8
215,106,2
447,548,5
427,729,1
609,697,8
866,725,1
595,215,4
817,348,5
409,226,1
53,393,5
808,125,2
332,398,8
827,340,5
94,290,4
993,812,7
684,922,4
871,449,8
92,620,6
463,452,6
141,415,3
578,511,7
863,238,6
811,79,8
805,994,1
964,859,3
949,45,8
130,523,9
376,985,5
989,751,7
825,23,4
164,590,0
166,101,7
249,248,3
969,216,9
524,957,0
319,443,8
884,202,3
796,669,7
965,519,2
317,699,9
585,651,7
451,717,0
702,795,6
914,493,3
776,89,1
972,854,4
808,164,2
778,176,9
118,731,9
196,745,5
461,11,6
706,804,4
188,173,5
125,380,8
943,781,3
153,693,2
197,528,8
945,446,6
472,516,4
195,621,9
852,417,1
107,28,3
107,253,7
396,846,4
697,832,1
263,808,7
417,729,6
753,569,5
998,997,4
573,206,3
906,156,1
939,496,6
444,76,2
602,428,4
978,822,7
788,867,3
856,54,9
168,901,0
220,279,6
697,395,4
378,164,9
159,80,1
20,956,8
591,518,5
932,677,9
988,788,1
518,755,3
851,508,2
423,283,7
987,333,5
572,164,0
821,851,9
720,651,1
297,229,2
643,542,3
352,99,6
516,164,0
494,851,6
188,246,4
337,291,1
271,235,3
555,0,4
92,222,2
637,10,6
18,992,1
806,4,2
594,897,6
607,85,0
247,390,7
958,256,0
456,441,2
964,998,8
524,106,0
297,799,1
971,789,4
784,824,3
97,595,7
522,488,2
375,708,8
956,746,2
403,441,2
569,336,2
509,784,0
794,256,9
170,715,1
865,392,0
668,8,3
308,90,8
407,551,7
383,615,0
396,810,1
989,685,5
303,735,8
701,180,6
119,375,4
483,260,8
464,41,7
26,496,4
141,670,1
235,78,5
116,98,2
602,776,5
627,466,4
954,139,0
612,441,2
7,951,1
636,473,0
374,913,4
922,292,0
141,174,7
196,951,0
173,389,6
996,537,7
869,82,5
820,829,1
702,511,1
327,703,2
391,503,8
269,452,5
817,655,8
408,82,2
62,807,8
214,358,2
799,738,9
336,719,0
619,432,1
877,756,3
484,143,8
131,45,1
671,793,4
36,794,4
970,306,7
404,658,4
313,389,0
553,575,2
540,730,9
273,823,0
801,213,0
357,358,4
929,854,9
618,330,5
486,603,1
816,412,0
379,780,1
18,341,8
158,842,0
914,435,5
708,921,1
947,307,1
466,49,6
890,439,8
62,728,7
490,38,2
487,274,2
624,576,7
675,512,3
856,673,8
214,145,7
989,629,4
960,656,1
677,983,2
531,702,0
577,685,7
232,998,9
631,906,0
189,669,8
959,497,1
385,36,9
161,27,1
204,931,3
685,846,1
756,168,8
672,643,7
384,627,2
375,484,9
870,238,7
966,443,3
769,67,2
372,146,8
819,791,9
810,937,6
966,266,6
61,632,3
567,287,2
343,794,2
752,215,6
406,249,5
98,799,4
582,606,2
974,200,0
929,572,6
891,348,6
151,762,3
141,386,4
266,480,4
896,561,0
782,913,1
908,185,4
265,773,4
877,515,8
194,681,8
211,592,4
668,161,9
121,525,0
215,22,8
151,944,5
958,346,2
506,29,5
100,199,1
553,923,2
439,396,4
315,85,9
669,398,4
738,130,5
608,842,8
267,549,7
47,775,8
216,58,7
820,164,1
57,162,1
351,977,4
537,411,5
401,839,8
35,934,7
907,855,4
381,12,2
940,114,0
721,658,8
310,483,0
283,315,7
828,753,7
544,467,7
342,843,3
41,13,9
154,68,6
851,308,9
412,742,7
303,408,8
343,711,4
691,400,7
703,306,5
100,147,3
19,133,3
636,964,0
884,539,0
24,123,6
321,11,4
617,335,2
387,33,0
79,845,1
305,389,7
639,10,5
602,291,2
656,974,0
443,698,1
797,93,6
443,475,8
383,540,4
592,815,0
848,929,2
399,409,3
883,562,2
434,603,2
968,436,9
230,538,3
243,420,8
32,664,7
916,460,8
943,257,3
336,521,0
896,916,2
305,642,5
561,418,5
394,236,5
934,992,4
693,327,5
811,538,2
180,7,9
594,474,4
94,729,0
685,233,3
974,539,5
338,719,9
620,857,7
694,153,9
478,945,5
798,93,8
143,150,3
335,648,2
698,45,7
314,153,0
196,150,6
682,535,7
924,227,8
924,82,9
453,884,5
124,582,1
344,693,9
869,138,9
38,838,3
142,985,6
152,472,7
201,109,0
519,13,1
3,771,1
679,571,1
204,19,1
546,402,0
966,291,8
693,88,4
337,129,4
413,96,0
73,10,1
549,360,3
272,827,2
590,701,4
697,202,6
612,33,5
935,487,3
93,944,3
407,980,3
808,3,4
795,380,4
728,823,2
40,891,1
352,681,0
751,544,7
414,440,2
431,753,9
391,433,9
153,717,3
150,408,8
138,67,2
308,323,4
973,216,1
663,669,3
629,995,8
335,472,9
926,357,4
104,674,1
901,298,2
992,392,1
645,287,8
101,606,9
773,942,1
618,344,5
930,202,0
828,825,9
798,689,2
977,789,7
980,676,7
323,825,8
963,270,9
764,722,0
125,974,5
718,721,5
375,978,1
678,531,2
787,539,0
866,984,2
518,885,6
752,652,0
369,758,7
211,305,9
260,782,3
226,406,8
812,782,9
142,861,9
883,730,7
317,610,3
494,764,5
412,225,4
939,825,7
744,464,4
523,926,1
304,4,1
864,538,2
614,805,1
547,486,5
102,668,2
974,819,2
318,342,1
150,304,7
418,702,5
21,157,2
224,882,2
775,273,7
796,711,5
489,132,7
56,84,8
343,558,3
128,994,7
900,421,9
134,102,9
797,708,3
846,805,1
171,899,7
167,800,5
159,528,3
480,855,1
361,263,3
985,602,7
909,338,3
22,801,9
363,737,4
167,718,3
340,435,5
85,371,8
3,68,8
848,265,7
251,467,1
476,38,2
982,514,3
930,336,8
833,229,4
751,553,8
104,135,1
658,835,0
340,418,8
379,415,1
317,777,1
695,413,7
514,123,4
614,10,8
137,629,6
994,707,1
873,110,1
396,253,9
639,299,5
789,700,9
447,216,6
311,527,4
699,565,8
689,748,4
675,834,6
540,451,0
405,434,1
728,925,0
835,875,6
499,236,8
823,609,8
459,968,9
846,852,7
283,123,8
653,455,5
916,842,3
875,666,1
410,732,3
123,102,7
399,971,1
33,183,1
787,729,2
649,791,9
352,684,3
598,689,4
518,113,0
447,105,9
621,465,8
169,793,0
548,36,5
819,879,8
79,748,3
428,614,0
469,563,8
501,713,8
923,636,7
518,897,9
377,673,1
91,874,9
454,758,2
54,763,5
249,271,4
460,709,7
786,929,3
554,485,2
910,982,6
13,493,7
6,143,0
295,956,6
288,607,9
168,683,0
763,854,0
489,689,1
898,70,4
920,794,2
795,947,0
211,861,3
122,49,9
879,692,9
879,901,7
201,224,4
597,842,9
912,515,3
113,683,4
273,25,3
278,930,7
582,734,0
846,22,4
438,107,5
274,390,0
720,775,4
967,174,1
510,571,2
468,195,2
931,904,4
337,709,2
30,244,5
830,588,2
274,545,7
862,976,1
415,669,4
535,863,3
160,828,0
823,528,9
135,636,0
204,38,3
211,551,5
910,481,0
997,202,0
771,732,1
778,60,1
257,863,4
883,871,8
702,621,7
192,220,1
701,191,6
370,232,0
593,104,7
465,329,3
83,654,7
574,97,1
109,933,0
236,14,5
826,734,5
382,134,8
927,551,5
571,509,5
827,239,9
679,58,6
730,920,9
712,241,0
831,805,7
817,810,2
657,393,1
984,396,3
439,79,0
556,213,8
268,984,6
263,706,2
807,352,8
143,936,6
514,310,7
438,843,0
467,919,1
701,944,4
392,416,9
154,722,1
926,141,0
275,689,2
51,466,6
612,110,6
766,308,6
261,402,2
257,19,8
228,911,2
312,494,5
652,967,4
675,236,1
978,502,5
412,561,9
431,59,8
357,250,7
613,348,5
508,489,6
56,102,2
856,900,8
374,570,8
250,681,1
225,298,7
881,566,1
861,501,5
658,812,0
567,735,1
448,793,0
104,606,7
559,787,7
492,296,9
775,475,7
198,773,9
925,529,9
841,315,3
346,406,0
792,50,8
429,70,8
732,143,6
964,219,4
943,859,2
754,280,2
777,377,0
49,435,4
288,145,9
946,833,5
174,291,7
568,34,4
612,908,9
716,662,0
870,295,8
956,784,9
937,918,6
181,415,3
472,892,6
999,309,0
690,500,5
852,738,2
511,667,3
486,139,4
128,761,8
719,123,2
250,444,5
566,952,9
715,215,1
363,774,6
21,636,2
938,141,2
190,722,8
326,720,6
843,379,4
928,403,4
120,612,9
97,398,5
392,838,2
320,555,4
599,760,8
575,50,5
379,539,8
155,86,1
966,402,4
490,600,3
328,27,6
317,705,4
139,770,2
908,33,7
837,27,6
679,500,5
168,712,1
758,850,4
357,593,8
998,202,1
769,221,6
418,152,2
247,825,4
142,511,3
543,58,0
526,646,1
999,986,4
212,816,7
338,392,3
483,522,3
154,453,0
376,190,7
538,279,9
42,754,1
269,873,7
367,279,2
778,609,2
914,405,5
945,25,2
217,433,8
935,777,5
906,295,9
870,408,0
102,250,3
899,779,5
232,774,8
61,765,7
298,603,5
973,895,0
33,583,0
363,157,9
956,328,3
753,602,5
390,278,3
467,921,3
267,145,5
499,273,9
195,216,7
72,927,9
605,52,2
270,809,2
650,951,7
868,567,9
458,115,8
49,26,4
266,866,1
689,665,2
697,807,1
178,659,4
849,924,2
572,54,1
961,608,1
180,495,6
241,103,6
940,870,1
439,22,6
732,678,3
893,220,2
788,666,0
562,170,3
508,974,3
478,905,1
194,448,2
290,124,1
674,913,9
29,975,4
83,32,4
864,939,5
505,382,2
553,450,7
37,516,5
420,57,4
808,543,5
255,881,4
524,988,2
995,152,9
643,840,7
201,412,4
774,213,8
790,664,1
384,349,5
273,614,5
16,562,3
862,453,4
482,397,1
468,287,3
306,638,7
978,4,1
881,902,8
683,450,9
697,461,0
841,108,9
15,322,2
827,965,6
611,960,2
364,787,6
555,738,7
423,945,0
291,570,6
168,556,9
354,930,2
59,259,7
353,975,0
364,383,1
371,983,8
911,637,8
345,152,3
62,880,9
354,487,2
339,683,8
848,757,0
222,705,3
142,344,5
131,3,7
118,371,9
988,312,3
970,44,9
939,267,6
931,406,5
733,888,9
78,3,6
288,667,7
401,977,7
954,89,4
868,441,2
940,802,6
631,771,3
65,910,1
882,440,2
916,467,6
710,119,0
403,55,6
397,791,8
873,650,1
669,333,0
770,732,8
904,828,1
481,496,7
315,968,7
730,285,0
509,468,7
746,898,2
161,227,0
959,690,0
227,38,7
17,878,2
651,793,8
961,475,0
164,855,1
978,816,1
778,482,7
657,21,1
756,927,1
225,414,9
951,313,2
508,628,1
731,233,8
774,528,3
924,972,4
77,706,4
234,393,2
507,823,7
495,567,8
371,302,2
702,332,1
128,621,1
465,23,6
175,203,8
919,612,2
556,16,2
120,58,9
991,225,7
415,960,2
731,30,5
667,370,6
984,850,4
4,836,6
631,608,5
612,63,9
921,12,9
722,672,4
66,457,4
274,806,3
479,617,0
413,784,1
254,889,2
209,198,0
77,475,9
85,855,9
510,577,9
295,74,0
421,136,1
883,905,5
893,740,9
19,994,1
34,31,1
193,939,9
754,799,6
950,970,9
252,688,1
304,176,2
93,188,7
777,831,6
418,494,7
927,382,8
526,744,3
119,427,1
888,30,8
776,282,3
156,809,9
83,921,7
742,576,3
225,405,0
405,248,6
345,50,4
192,276,2
548,827,7
663,33,9
2,778,5
235,745,5
320,75,8
924,549,5
59,209,4
33,677,5
594,172,5
795,901,5
600,470,1
122,20,1
384,580,2
192,208,0
851,810,5
584,638,7
595,714,9
930,741,4
983,617,4
869,540,2
820,647,2
682,180,1
763,83,9
168,619,0
957,358,6
77,771,2
553,240,4
203,217,9
948,572,9
936,326,4
915,290,1
732,99,9
523,846,4
441,659,8
981,66,4
678,71,7
225,665,3
53,14,6
550,120,5
562,988,3
83,336,6
997,244,9
501,703,0
983,368,6
290,495,6
240,170,3
955,189,2
539,297,0
529,997,1
461,823,6
408,343,7
846,681,2
444,367,3
267,589,2
715,14,9
138,293,9
612,725,9
408,534,0
532,933,3
164,132,6
429,351,2
286,285,8
28,630,0
149,121,5
12,151,2
812,804,1
398,304,6
933,836,9
327,393,0
134,958,9
900,639,6
716,193,2
709,426,4
722,712,5
733,74,2
458,952,8
957,610,8
301,181,0
548,247,1
274,988,4
958,325,5
277,994,2
592,273,8
237,818,7
799,672,0
607,609,0
956,738,4
961,119,7
282,559,5
597,676,1
650,164,4
968,670,9
710,387,7
571,62,3
638,95,7
356,705,8
560,798,1
305,821,6
761,58,6
580,388,7
608,272,1
286,107,5
648,338,2
628,441,5
244,112,0
215,320,2
468,948,6
852,45,5
909,809,3
219,951,0
528,394,1
872,291,2
195,967,4
967,835,5
451,55,6
512,469,5
136,686,7
847,689,5
391,408,7
287,229,2
443,207,2
166,878,1
389,856,4
275,182,8
991,120,7
992,659,4
34,145,2
823,840,2
758,272,9
169,270,1
393,857,5
65,409,3
96,371,0
662,520,4
284,425,4
299,766,9
883,430,5
937,307,3
177,30,0
373,587,4
161,329,9
500,452,1
652,261,0
568,134,6
615,568,7
839,567,4
588,761,2
991,325,2
587,270,3
584,824,0
737,839,4
725,94,8
698,977,8
124,635,4
775,320,9
93,899,6
356,647,4
576,582,6
1,404,6
974,450,5
515,106,7
628,399,7
959,614,4
197,900,5
792,208,9
812,531,2
533,53,8
734,879,9
86,497,2
918,509,6
984,608,4
579,988,0
625,880,6
97,420,7
151,473,0
382,838,0
685,832,9
811,995,7
476,526,4
330,754,3
658,61,3
91,263,2
466,476,0
830,906,4
528,235,9
262,877,3
467,937,1
686,514,7
336,877,4
92,457,0
533,858,7
839,626,2
744,65,6
744,335,0
631,949,7
624,151,9
280,641,3
146,82,1
549,125,4
411,254,6
279,548,3
218,658,7
360,145,7
123,77,3
914,460,1
669,747,2
770,647,4
478,849,3
504,699,2
313,884,4
372,510,4
628,889,5
187,808,1
783,599,1
281,919,9
94,60,5
64,735,2
891,212,0
636,358,7
431,459,6
770,603,6
921,342,9
977,447,8
765,489,1
81,405,6
309,163,8
123,345,0
6,718,6
737,713,4
716,581,8
663,662,2
898,259,1
592,445,4
121,768,6
722,941,2
666,406,6
764,869,5
362,913,0
832,658,2
20,546,0
129,246,0
608,919,8
80,251,7
916,590,9
12,311,8
201,38,7
409,574,3
169,645,7
165,630,6
816,243,8
632,349,1
724,344,9
900,864,9
767,651,0
865,447,3
842,534,5
208,881,2
269,116,0
758,315,7
820,809,6
757,134,8
428,969,1
787,211,9
287,587,3
615,905,4
277,456,7
966,353,3
912,987,6
596,832,4
507,716,2
158,131,1
505,419,5
466,31,7
655,890,7
174,48,6
224,356,2
776,163,1
901,570,5
471,142,2
278,133,8
469,205,4
222,778,7
857,373,1
82,176,8
420,724,7
550,435,2
615,286,3
398,654,6
681,783,1
829,846,5
500,403,6
788,810,8
222,18,8
311,718,3
444,953,6
229,722,1
956,738,0
246,951,9
251,917,5
193,26,9
897,770,1
276,101,7
345,968,1
483,95,0
974,486,1
199,55,4
299,761,9
776,216,3
551,842,0
920,189,8
612,409,1
688,227,9
932,614,9
621,331,4
400,544,0
595,98,5
738,806,9
541,753,0
678,300,7
597,52,5
887,89,0
347,703,9
877,681,0
424,316,9
225,933,3
8,14,5
515,704,8
266,190,9
49,29,0
539,243,5
479,397,4
99,121,1
15,910,1
21,164,8
259,274,7
793,324,6
140,155,3
712,87,9
135,572,9
610,363,4
987,510,6
782,565,6
905,595,0
66,236,9
952,560,1
376,806,4
599,554,9
887,717,8
813,789,9
340,843,2
490,736,9
106,565,0
394,237,4
692,383,6
46,126,0
929,32,1
925,951,7
479,447,9
14,272,1
154,506,4
152,925,8
123,397,1
206,716,3
692,306,9
985,803,4
595,582,9
722,777,1
393,918,4
162,667,3
140,345,6
303,121,1
863,551,0
361,386,3
301,37,9
859,773,8
570,638,4
917,407,5
474,391,3
114,354,8
547,436,0
559,423,8
260,740,0
186,524,2
51,232,5
112,673,9
638,215,4
161,954,6
310,606,1
85,986,0
729,284,0
384,265,3
104,346,3
949,813,6
148,550,2
311,934,1
28,367,5
733,309,0
796,404,9
262,739,9
697,416,7
573,699,4
707,670,0
486,185,8
945,286,1
194,593,8
217,186,0
16,425,5
791,308,9
896,7,8
581,34,0
163,401,6
433,688,7
207,468,8
674,586,7
932,162,8
843,310,6
816,899,0
597,264,5
358,664,8
162,45,0
534,325,4
501,484,7
334,423,0
12,67,9
402,166,0
46,388,2
305,277,1
845,653,5
346,505,9
233,678,7
195,275,3
202,570,8
118,797,4
492,166,8
55,499,5
189,685,2
355,983,7
843,785,8
225,471,4
327,20,5
405,648,7
221,342,6
712,603,6
853,65,0
657,658,5
672,20,9
279,624,0
6,435,9
553,476,8
88,824,7
715,69,6
162,530,5
190,668,4
143,330,1
810,971,0
895,584,9
194,589,3
624,856,8
455,33,7
547,506,4
152,635,1
262,644,1
208,263,9
245,78,4
983,26,3
439,401,5
76,429,3
67,510,7
488,746,4
739,89,6
455,761,0
372,359,0
55,760,7
937,545,0
579,920,0
11,226,2
98,825,2
111,841,4
948,723,6
962,958,2
542,623,0
403,323,6
260,688,4
415,407,6
353,255,2
750,635,8
130,955,0
714,687,5
802,373,7
842,28,3
858,133,0
182,218,2
701,431,3
471,378,2
717,84,2
102,703,5
627,881,4
975,672,6
599,60,9
952,949,2
669,136,6
968,282,3
815,187,9
731,484,0
596,185,8
331,433,1
751,418,2
413,923,1
494,859,6
70,331,4
730,288,3
229,730,3
462,141,9
301,962,0
417,410,4
69,73,6
845,1,0
828,602,9
109,447,3
178,848,2
423,214,3
196,523,0
94,508,9
675,735,6
541,281,0
865,273,0
485,986,5
175,30,7
79,470,4
805,647,0
628,586,3
254,563,8
416,195,3
788,865,8
155,841,4
980,557,7
925,874,1
236,309,7
779,852,0
955,769,1
665,78,0
766,144,0
548,832,6
38,919,8
162,278,7
604,344,6
491,934,0
841,133,4
748,187,5
468,159,6
576,741,5
437,539,7
837,64,6
11,105,4
455,21,9
682,867,8
977,582,0
374,691,8
277,871,6
98,698,6
459,433,1
991,441,6
503,390,4
136,946,6
422,912,7
121,80,6
920,718,6
81,490,0
891,420,3
801,272,0
369,673,4
406,70,7
758,803,2
183,48,8
557,81,2
630,908,1
43,784,5
60,923,9
298,884,9
206,248,4
435,820,6
385,862,8
619,302,0
989,963,9
879,544,3
246,446,6
228,183,8
185,250,0
130,149,5
47,461,6
115,560,6
239,413,2
159,681,8
539,79,4
214,774,8
245,108,7
506,351,1
992,388,3
608,739,0
403,600,8
136,474,5
280,738,2
389,344,6
736,605,9
995,56,3
415,677,0
124,434,6
200,476,8
215,73,5
151,789,1
888,574,1
411,565,5
502,161,5
833,129,0
584,11,6
358,189,6
268,911,5
714,401,1
599,380,2
171,871,3
955,255,7
516,493,7
365,352,0
573,488,2
272,517,5
960,814,1
82,67,5
414,678,1
528,354,7
927,872,6
597,228,0
632,202,5
766,620,9
921,976,2
426,355,8
83,393,0
432,914,9
312,906,4
144,396,9
553,738,0
735,924,1
353,310,4
800,358,2
961,332,8
698,75,1
225,157,9
35,8,7
750,393,7
264,477,3
213,413,2
48,318,1
164,460,5
581,969,2
960,66,0
810,346,2
166,989,3
861,246,0
35,978,0
844,986,5
574,155,9
199,411,5
863,825,5
429,938,0
946,209,2
453,309,9
837,906,6
140,320,3
112,854,7
447,548,6
972,242,1
351,976,6
733,772,1
701,255,9
129,938,2
276,532,8
294,103,1
84,480,4
996,744,7
629,292,4
910,528,6
834,228,9
489,795,1
490,78,1
432,35,4
274,237,9
633,375,4
853,711,9
553,98,1
310,147,2
151,681,7
226,469,9
219,860,1
236,300,7
755,58,7
587,130,6
804,27,6
203,347,0
209,358,6
521,424,9
426,493,3
